name,employment_type,hire_date,supplemental,request_date,years_of_service,fixed_holidays,personal_choice_holidays,vacation_weeks,pst_hours,total_time_off_days
Sandra Griffith,regular full-time,2014-08-30,True,2024-08-27,10,8,0,4,48.0,34.0
Bonnie Romero,regular full-time,2004-02-27,True,2024-02-22,20,8,0,4,48.0,34.0
Gregory Jones,regular full-time,2014-04-25,False,2024-04-22,10,8,4,4,48.0,38.0
Brett Brown,regular full-time,2004-05-02,False,2024-04-27,20,8,4,4,48.0,38.0
Jeanne White,regular full-time,2014-05-28,False,2024-05-25,10,8,4,4,48.0,38.0
Luis Woods,regular full-time,2004-10-04,False,2024-09-29,20,8,4,4,48.0,38.0
Amanda Martinez,regular full-time,2014-09-13,False,2024-09-10,10,8,4,4,48.0,38.0
Joyce Clay,regular full-time,2004-04-10,False,2024-04-05,20,8,4,4,48.0,38.0
Steven Lee,regular full-time,2014-08-22,False,2024-08-19,10,8,4,4,48.0,38.0
Jessica Foster,regular full-time,2004-06-06,False,2024-06-01,20,8,4,4,48.0,38.0
Sarah Smith,supplemental,2013-10-19,False,2024-12-09,11,0,0,0,0.0,0.0
Emily Marshall,supplemental,2016-06-25,False,2024-07-09,8,0,0,0,0.0,0.0
Anthony Ferguson,supplemental,1998-10-27,False,2024-05-09,25,0,0,0,0.0,0.0
Lisa Oneal,supplemental,1998-05-19,False,2024-04-08,25,0,0,0,0.0,0.0
Brandy Padilla,supplemental,2017-10-19,False,2024-05-09,6,0,0,0,0.0,0.0
Michael Ramirez,supplemental,1999-06-15,False,2024-01-09,24,0,0,0,0.0,0.0
Sabrina Adams,supplemental,2022-09-14,False,2024-01-04,1,0,0,0,0.0,0.0
James Miller,supplemental,2013-06-19,True,2024-09-01,11,0,0,0,0.0,0.0
Vincent Davidson,supplemental,2008-02-27,False,2024-11-21,16,0,0,0,0.0,0.0
Laura Rivera,supplemental,2000-06-23,False,2024-04-30,23,0,0,0,0.0,0.0
Mr. Adam Morrison,part-time,2020-03-03,True,2024-05-15,4,0,0,0,0.0,0.0
Timothy White,part-time,2004-12-14,True,2024-04-07,19,0,0,0,0.0,0.0
Lisa Jennings,part-time,2009-04-09,True,2024-11-10,15,0,0,0,0.0,0.0
Lawrence Cooke,part-time,2003-12-29,False,2024-10-04,20,0,0,0,0.0,0.0
William Travis,part-time,2014-03-13,True,2023-12-28,9,0,0,0,0.0,0.0
Jade Hull,part-time,2003-01-20,False,2024-03-18,21,0,0,0,0.0,0.0
Mr. Tyler Hatfield MD,part-time,1995-03-07,True,2024-02-21,28,0,0,0,0.0,0.0
Patricia Delgado,part-time,2009-07-08,False,2024-05-10,14,0,0,0,0.0,0.0
Michael Wilson,part-time,1995-10-24,True,2024-02-09,28,0,0,0,0.0,0.0
Victoria Smith,part-time,2009-08-21,False,2024-03-31,14,0,0,0,0.0,0.0
Kimberly Vasquez,regular full-time,2024-04-12,False,2024-05-22,0,8,4,3,5.25,27.66
Elizabeth Glenn,regular full-time,2023-12-01,False,2023-12-22,0,8,4,3,2.76,27.34
Joseph Mitchell,regular full-time,2024-03-11,False,2024-03-24,0,8,4,3,1.7,27.21
Nicole Little,regular full-time,2023-12-10,False,2024-02-05,0,8,4,3,48.0,33.0
Tracy Wallace,regular full-time,2024-07-26,False,2024-08-08,0,8,4,3,1.7,27.21
Mrs. Chloe Jones,regular full-time,2024-07-01,False,2024-07-08,0,8,4,3,0.92,27.11
Patricia Cummings,regular full-time,2024-07-26,False,2024-09-23,0,8,4,3,7.74,27.97
Laura Leonard,regular full-time,2024-06-07,True,2024-08-06,0,8,0,3,7.87,23.98
Elizabeth Watson,regular full-time,2024-03-23,False,2024-04-26,0,8,4,3,4.46,27.56
Katie Rivera,regular full-time,2024-02-16,False,2024-03-06,0,8,4,3,2.49,27.31
Jill Jones,supplemental,2020-12-01,True,2024-02-18,3,0,0,0,0.0,0.0
Jessica Gonzales,part-time,2005-10-13,False,2024-07-29,18,0,0,0,0.0,0.0
Tiffany Peterson,part-time,2019-09-28,False,2024-04-07,4,0,0,0,0.0,0.0
Andrea Munoz,regular full-time,2001-11-08,False,2024-07-01,22,8,4,5,48.0,43.0
Amanda Porter DVM,supplemental,1997-08-25,True,2024-08-30,27,0,0,0,0.0,0.0
Shannon Johnson,regular full-time,1997-09-23,False,2024-08-05,26,8,4,5,48.0,43.0
Toni Perez,supplemental,2012-09-22,True,2024-06-27,11,0,0,0,0.0,0.0
John Dalton,part-time,2020-11-09,False,2024-07-20,3,0,0,0,0.0,0.0
Mr. Johnny Richards,part-time,1998-04-22,False,2024-05-15,26,0,0,0,0.0,0.0
Anne Matthews,supplemental,2016-11-15,True,2023-12-18,7,0,0,0,0.0,0.0
Robert Rosario,contractor,2005-01-19,False,2024-09-05,19,0,0,0,0.0,0.0
Brenda Gomez,contractor,1998-04-13,False,2024-09-15,26,0,0,0,0.0,0.0
Rachel Morris,supplemental,2020-05-21,True,2024-02-22,3,0,0,0,0.0,0.0
Jessica Morse,regular full-time,2022-04-06,False,2024-02-23,1,8,4,3,48.0,33.0
Kristina Tran,contractor,2002-10-14,False,2024-12-09,22,0,0,0,0.0,0.0
Jesse Rivera,supplemental,2006-04-23,True,2023-12-16,17,0,0,0,0.0,0.0
Jacqueline Phelps,supplemental,2005-03-18,True,2024-01-09,18,0,0,0,0.0,0.0
Judith Garcia,contractor,2003-09-25,False,2024-04-26,20,0,0,0,0.0,0.0
Martha Welch,contractor,2023-09-19,False,2024-03-17,0,0,0,0,0.0,0.0
Brooke Walters,contractor,2011-02-12,False,2024-05-13,13,0,0,0,0.0,0.0
Dr. Carl Griffin,supplemental,2011-01-12,True,2024-09-15,13,0,0,0,0.0,0.0
Tyler Wagner,supplemental,2012-04-23,True,2024-06-15,12,0,0,0,0.0,0.0
Sarah Dickson,contractor,2007-08-29,False,2023-12-15,16,0,0,0,0.0,0.0
Eric Mccall,regular full-time,2016-12-09,False,2024-08-14,7,8,4,3,48.0,33.0
Melanie Roberts,supplemental,2002-10-07,True,2024-04-22,21,0,0,0,0.0,0.0
Elizabeth Holmes,part-time,2000-08-10,False,2024-03-12,23,0,0,0,0.0,0.0
Kevin Martinez,regular full-time,1997-04-07,False,2024-12-04,27,8,4,5,48.0,43.0
Tamara Thompson,regular full-time,2008-10-09,False,2024-10-11,16,8,4,4,48.0,38.0
Joshua Ware,part-time,1996-01-02,False,2024-03-10,28,0,0,0,0.0,0.0
Joseph Hogan,supplemental,2022-06-23,True,2024-01-28,1,0,0,0,0.0,0.0
Chelsea Garcia,part-time,2011-02-20,False,2024-08-07,13,0,0,0,0.0,0.0
April Kane,part-time,2015-06-10,False,2024-08-05,9,0,0,0,0.0,0.0
Angel Roy,regular full-time,2019-12-19,False,2024-11-19,4,8,4,3,48.0,33.0
Kelli Bailey,regular full-time,2006-03-23,False,2024-08-21,18,8,4,4,48.0,38.0
Sarah Edwards,part-time,1999-02-25,False,2024-03-13,25,0,0,0,0.0,0.0
Nancy Summers,supplemental,2015-01-14,True,2024-03-06,9,0,0,0,0.0,0.0
Jonathan Park,part-time,2019-09-20,False,2024-02-19,4,0,0,0,0.0,0.0
Sara Johnson,regular full-time,2000-12-02,False,2024-04-08,23,8,4,5,48.0,43.0
Madison Brown,part-time,2014-09-16,False,2024-08-25,9,0,0,0,0.0,0.0
Steven Williams,regular full-time,2021-08-03,False,2024-03-15,2,8,4,3,48.0,33.0
Vanessa Williams,contractor,2008-07-11,False,2024-12-02,16,0,0,0,0.0,0.0
Kevin Schwartz,part-time,2018-08-09,False,2024-08-26,6,0,0,0,0.0,0.0
Stephanie Wall,part-time,2006-01-19,False,2024-02-28,18,0,0,0,0.0,0.0
Anthony Brooks,contractor,2019-04-11,False,2024-10-07,5,0,0,0,0.0,0.0
Christine Lewis,contractor,2013-10-02,False,2024-04-10,10,0,0,0,0.0,0.0
Angela Young,part-time,2024-01-28,False,2024-01-29,0,0,0,0,0.0,0.0
Carrie Williams,supplemental,2004-07-19,True,2024-06-19,19,0,0,0,0.0,0.0
Henry Bradford,supplemental,1998-02-21,True,2024-10-18,26,0,0,0,0.0,0.0
Cheryl Sanders,regular full-time,2018-04-16,False,2024-08-08,6,8,4,3,48.0,33.0
Kevin Green,part-time,2022-01-18,False,2024-01-05,1,0,0,0,0.0,0.0
Elizabeth Montgomery,part-time,2016-06-04,False,2024-07-02,8,0,0,0,0.0,0.0
Dawn Newman,regular full-time,2008-01-03,False,2024-05-27,16,8,4,4,48.0,38.0
Brendan Hansen,regular full-time,2002-03-31,False,2024-08-04,22,8,4,5,48.0,43.0
Leslie Long,regular full-time,2021-03-20,False,2024-10-30,3,8,4,3,48.0,33.0
Jennifer Tanner,contractor,2000-02-17,False,2023-12-23,23,0,0,0,0.0,0.0
Jennifer Ruiz,supplemental,2015-01-20,True,2024-03-30,9,0,0,0,0.0,0.0
Erika Anderson,part-time,2009-05-20,False,2024-10-29,15,0,0,0,0.0,0.0
Gregory Mitchell,regular full-time,2000-08-17,False,2024-01-29,23,8,4,5,48.0,43.0
April Miranda,regular full-time,2006-01-25,False,2024-11-20,18,8,4,4,48.0,38.0
Eric Brown,supplemental,2015-05-26,True,2024-10-06,9,0,0,0,0.0,0.0
Maria Curry,supplemental,1998-08-27,True,2024-09-19,26,0,0,0,0.0,0.0
Bethany Torres,regular full-time,2007-05-24,False,2024-06-30,17,8,4,4,48.0,38.0
Pamela Roach,part-time,2022-04-24,False,2024-03-25,1,0,0,0,0.0,0.0
Natalie Williams,contractor,2002-09-27,False,2024-06-04,21,0,0,0,0.0,0.0
Collin Brown,contractor,1999-01-30,False,2024-02-23,25,0,0,0,0.0,0.0
Patrick Dawson,part-time,2013-12-17,False,2024-09-23,10,0,0,0,0.0,0.0
Leroy Ellis,contractor,2013-02-24,False,2024-09-21,11,0,0,0,0.0,0.0
Teresa Austin,part-time,2020-04-10,False,2024-08-21,4,0,0,0,0.0,0.0
Jacob Brown,part-time,2024-02-23,False,2024-02-28,0,0,0,0,0.0,0.0
Robert Lee,regular full-time,1999-05-01,False,2024-09-08,25,8,4,5,48.0,43.0
Angela Thomas,regular full-time,2018-12-03,False,2024-09-08,5,8,4,3,48.0,33.0
Kimberly Case,part-time,2007-01-15,False,2024-10-18,17,0,0,0,0.0,0.0
Robert Delacruz,part-time,1998-12-06,False,2024-08-01,25,0,0,0,0.0,0.0
Jared Ruiz,supplemental,2022-12-02,True,2024-09-29,1,0,0,0,0.0,0.0
Mary Harris,regular full-time,2017-03-20,False,2024-01-05,6,8,4,3,48.0,33.0
Victoria Prince,part-time,2012-11-15,False,2024-05-15,11,0,0,0,0.0,0.0
Michael Wood,contractor,2009-03-09,False,2024-08-12,15,0,0,0,0.0,0.0
Julie Walsh,supplemental,2023-08-24,True,2024-01-21,0,0,0,0,0.0,0.0
Jeffrey Hunter,regular full-time,2006-06-24,False,2024-03-29,17,8,4,4,48.0,38.0
Kelsey Miles,contractor,2011-03-04,False,2024-10-03,13,0,0,0,0.0,0.0
Megan Espinoza,regular full-time,1995-11-29,False,2024-12-12,29,8,4,5,48.0,43.0
Rachel Zuniga,supplemental,2008-06-09,True,2024-05-31,15,0,0,0,0.0,0.0
Elizabeth Nguyen,contractor,2002-01-11,False,2024-04-27,22,0,0,0,0.0,0.0
Heather Knight,supplemental,2015-11-13,True,2024-11-02,8,0,0,0,0.0,0.0
Janet Williams,part-time,2019-12-23,False,2024-07-01,4,0,0,0,0.0,0.0
Robert Moore,contractor,2000-05-14,False,2024-03-10,23,0,0,0,0.0,0.0
Heather Johnson,regular full-time,2005-04-06,False,2024-06-21,19,8,4,4,48.0,38.0
Samuel Wade,contractor,2016-05-18,False,2024-07-25,8,0,0,0,0.0,0.0
Tamara Walker,contractor,1997-08-19,False,2024-06-12,26,0,0,0,0.0,0.0
Gabriel Kennedy,supplemental,2002-07-05,True,2024-02-07,21,0,0,0,0.0,0.0
John Perez,contractor,2000-09-26,False,2024-06-02,23,0,0,0,0.0,0.0
Cassandra Harmon,regular full-time,2007-08-23,False,2024-11-27,17,8,4,4,48.0,38.0
Stephen Hernandez,contractor,2012-12-25,False,2024-04-11,11,0,0,0,0.0,0.0
Rebecca Hernandez,contractor,2000-06-21,False,2024-03-19,23,0,0,0,0.0,0.0
Angela Patrick,part-time,2009-04-04,False,2024-11-12,15,0,0,0,0.0,0.0
Thomas Clark,supplemental,2011-02-14,True,2024-06-01,13,0,0,0,0.0,0.0
Alicia Jackson,regular full-time,2022-05-20,False,2024-09-20,2,8,4,3,48.0,33.0
Amy Nichols,contractor,2015-12-24,False,2024-07-05,8,0,0,0,0.0,0.0
Regina Ellis,supplemental,2010-01-16,True,2024-03-29,14,0,0,0,0.0,0.0
Michelle Mcknight,contractor,1998-11-13,False,2024-11-04,25,0,0,0,0.0,0.0
Brandon Miller,regular full-time,2005-05-28,False,2024-07-12,19,8,4,4,48.0,38.0
Martin Stone,supplemental,2006-02-07,True,2024-05-21,18,0,0,0,0.0,0.0
Marcus Bishop,contractor,2007-07-06,False,2024-07-08,17,0,0,0,0.0,0.0
Thomas Hernandez,part-time,2006-07-18,False,2024-10-30,18,0,0,0,0.0,0.0
Tabitha Blake,regular full-time,2018-05-24,False,2024-03-11,5,8,4,3,48.0,33.0
Brandi Phillips,supplemental,2007-10-26,True,2024-02-05,16,0,0,0,0.0,0.0
Gilbert Simpson,part-time,2001-09-25,False,2024-02-18,22,0,0,0,0.0,0.0
Stephanie Torres,contractor,2021-03-31,False,2023-12-24,2,0,0,0,0.0,0.0
Ann Walton,regular full-time,2017-08-05,False,2024-12-12,7,8,4,3,48.0,33.0
Sandra Powell,part-time,2001-07-02,False,2024-11-11,23,0,0,0,0.0,0.0
David Foster,contractor,2013-10-17,False,2024-05-14,10,0,0,0,0.0,0.0
Matthew Leonard,regular full-time,2016-11-03,False,2024-05-09,7,8,4,3,48.0,33.0
Sierra Carson,supplemental,2018-11-28,True,2024-08-14,5,0,0,0,0.0,0.0
Mathew Martin,contractor,2022-12-09,False,2024-08-07,1,0,0,0,0.0,0.0
Patrick Frank,supplemental,1999-03-28,True,2024-03-03,24,0,0,0,0.0,0.0
Debbie Williams,supplemental,2013-09-23,True,2024-05-26,10,0,0,0,0.0,0.0
Christopher Chavez,part-time,2024-01-17,False,2024-05-29,0,0,0,0,0.0,0.0
Curtis Anderson,contractor,2012-06-14,False,2024-09-12,12,0,0,0,0.0,0.0
Michelle Horton,contractor,2020-06-15,False,2024-02-14,3,0,0,0,0.0,0.0
Monica Sanchez,regular full-time,2014-03-29,False,2024-12-09,10,8,4,4,48.0,38.0
Elizabeth Perez,supplemental,2018-12-25,True,2024-01-12,5,0,0,0,0.0,0.0
Nicholas Bell,supplemental,2005-05-03,True,2024-04-11,18,0,0,0,0.0,0.0
Linda Carroll,supplemental,2018-10-19,True,2024-09-16,5,0,0,0,0.0,0.0
Paul Carr DDS,part-time,2009-08-07,False,2024-04-25,14,0,0,0,0.0,0.0
Trevor Jensen,contractor,2021-08-03,False,2024-02-08,2,0,0,0,0.0,0.0
Barbara Vasquez,part-time,2001-05-21,False,2024-10-07,23,0,0,0,0.0,0.0
Matthew Duncan,part-time,2013-04-22,False,2024-08-02,11,0,0,0,0.0,0.0
Mr. Bryan Day Jr.,supplemental,2019-06-05,True,2024-11-01,5,0,0,0,0.0,0.0
Michael Henderson,part-time,2023-08-03,False,2024-10-15,1,0,0,0,0.0,0.0
Jennifer Rodriguez,regular full-time,2007-04-29,False,2024-02-19,16,8,4,4,48.0,38.0
Alyssa Dalton,part-time,2018-01-09,False,2024-06-16,6,0,0,0,0.0,0.0
Joel Mays,contractor,2013-03-27,False,2024-12-12,11,0,0,0,0.0,0.0
Chad Pittman,regular full-time,1997-05-11,False,2024-08-31,27,8,4,5,48.0,43.0
Kevin Hubbard,contractor,1997-04-07,False,2024-07-12,27,0,0,0,0.0,0.0
Kyle Rivers,regular full-time,2005-04-06,False,2024-10-31,19,8,4,4,48.0,38.0
Kevin Flores,supplemental,2017-03-07,True,2024-02-09,6,0,0,0,0.0,0.0
Tracey Shah,part-time,2019-03-19,False,2024-08-01,5,0,0,0,0.0,0.0
Robert Baxter PhD,regular full-time,2019-08-04,False,2024-08-23,5,8,4,3,48.0,33.0
Stephanie Burns,supplemental,2007-11-03,True,2024-01-06,16,0,0,0,0.0,0.0
Andrew Reyes,contractor,2005-12-31,False,2024-05-05,18,0,0,0,0.0,0.0
Ronald Davis,contractor,2014-11-02,False,2024-12-12,10,0,0,0,0.0,0.0
Daniel Bradley,regular full-time,2006-11-30,False,2024-06-15,17,8,4,4,48.0,38.0
Joshua Williams,part-time,2022-04-16,False,2024-06-17,2,0,0,0,0.0,0.0
Emily Livingston,part-time,2018-11-03,False,2024-04-22,5,0,0,0,0.0,0.0
Destiny Rodriguez,part-time,1997-03-15,False,2024-03-18,27,0,0,0,0.0,0.0
Christopher Scott,regular full-time,2020-05-16,False,2024-02-10,3,8,4,3,48.0,33.0
Molly Taylor,contractor,2004-02-20,False,2024-03-20,20,0,0,0,0.0,0.0
James Hernandez,supplemental,2021-03-28,True,2024-10-14,3,0,0,0,0.0,0.0
Andrew Meyers,part-time,2002-11-12,False,2024-12-08,22,0,0,0,0.0,0.0
Elizabeth Gutierrez,part-time,1996-03-31,False,2024-06-21,28,0,0,0,0.0,0.0
David Wiggins,supplemental,2015-09-16,True,2024-12-12,9,0,0,0,0.0,0.0
Elizabeth Smith,supplemental,1999-11-04,True,2024-09-08,24,0,0,0,0.0,0.0
Erin Houston,part-time,2019-05-06,False,2024-04-17,4,0,0,0,0.0,0.0
Matthew Hill,part-time,2023-01-27,False,2024-07-26,1,0,0,0,0.0,0.0
Caitlin Woodard,part-time,2021-05-15,False,2024-10-11,3,0,0,0,0.0,0.0
Lisa Hood,regular full-time,1998-04-06,False,2024-03-04,25,8,4,5,48.0,43.0
Troy Alvarado,contractor,2023-03-17,False,2024-03-21,1,0,0,0,0.0,0.0
Megan Lane,contractor,2003-06-16,False,2024-01-04,20,0,0,0,0.0,0.0
Douglas Jarvis,part-time,2009-03-09,False,2024-04-16,15,0,0,0,0.0,0.0
Anthony Anderson,contractor,2008-09-04,False,2024-11-11,16,0,0,0,0.0,0.0
Eric Glass,supplemental,2006-07-02,True,2024-02-05,17,0,0,0,0.0,0.0
Anthony Vazquez,regular full-time,2002-07-23,False,2024-10-25,22,8,4,5,48.0,43.0
Michele Foster,contractor,2004-07-15,False,2024-03-25,19,0,0,0,0.0,0.0
Bradley Jordan,contractor,1995-08-19,False,2024-07-10,28,0,0,0,0.0,0.0
Kayla Haas,part-time,2008-12-28,False,2024-08-10,15,0,0,0,0.0,0.0
Lindsay Cervantes,part-time,2023-02-12,False,2024-03-21,1,0,0,0,0.0,0.0
Jennifer Fleming,regular full-time,2016-04-21,False,2024-11-08,8,8,4,3,48.0,33.0
Vanessa Reed,supplemental,2013-02-01,True,2024-03-30,11,0,0,0,0.0,0.0
Alexander Davis,regular full-time,2004-05-04,False,2024-09-08,20,8,4,4,48.0,38.0
Jennifer Bell,supplemental,1998-05-31,True,2024-03-21,25,0,0,0,0.0,0.0
Timothy Baker,supplemental,1997-02-08,True,2024-02-14,27,0,0,0,0.0,0.0
Scott James,contractor,2008-08-13,False,2024-06-03,15,0,0,0,0.0,0.0
Erin Rodriguez,supplemental,2009-12-02,True,2024-04-23,14,0,0,0,0.0,0.0
Kayla Proctor,regular full-time,2003-10-06,False,2024-08-19,20,8,4,5,48.0,43.0
Johnny Chen,regular full-time,2020-07-19,False,2024-07-09,3,8,4,3,48.0,33.0
Mackenzie Johnson,regular full-time,2012-11-10,False,2024-11-18,12,8,4,4,48.0,38.0
Gene Spence,regular full-time,2022-11-10,False,2024-02-29,1,8,4,3,48.0,33.0
Linda James,part-time,2014-06-03,False,2024-10-28,10,0,0,0,0.0,0.0
Justin Scott,part-time,2000-03-31,False,2024-11-28,24,0,0,0,0.0,0.0
Suzanne Williams,regular full-time,1998-01-13,False,2024-06-06,26,8,4,5,48.0,43.0
Dennis May,contractor,2018-08-30,False,2023-12-16,5,0,0,0,0.0,0.0
Amanda Riddle,part-time,2013-11-18,False,2024-05-29,10,0,0,0,0.0,0.0
Beverly Cook,regular full-time,2011-07-10,False,2024-02-02,12,8,4,4,48.0,38.0
Tyler Morse,supplemental,2010-01-03,True,2024-06-21,14,0,0,0,0.0,0.0
Adam Dixon,supplemental,2015-12-23,True,2024-11-30,8,0,0,0,0.0,0.0
Anthony Rush,regular full-time,2017-04-26,False,2023-12-28,6,8,4,3,48.0,33.0
Russell Cohen,part-time,1996-02-09,False,2024-09-24,28,0,0,0,0.0,0.0
Bobby Pacheco,part-time,2023-11-02,False,2024-02-10,0,0,0,0,0.0,0.0
Crystal Hernandez,supplemental,1996-05-17,True,2024-06-13,28,0,0,0,0.0,0.0
Maria Lopez,contractor,2008-05-13,False,2024-07-08,16,0,0,0,0.0,0.0
Adam Frost,part-time,2017-01-06,False,2024-07-20,7,0,0,0,0.0,0.0
Michelle Lawson,supplemental,2003-09-19,True,2024-10-12,21,0,0,0,0.0,0.0
Jennifer Brown,part-time,2020-09-04,False,2024-09-27,4,0,0,0,0.0,0.0
Juan Stanley,contractor,2004-03-30,False,2024-10-21,20,0,0,0,0.0,0.0
Mary Mann,regular full-time,2021-08-13,False,2024-11-14,3,8,4,3,48.0,33.0
Daniel Gomez DDS,part-time,2020-01-29,False,2024-05-02,4,0,0,0,0.0,0.0
William Bray,regular full-time,2021-07-01,False,2024-06-09,2,8,4,3,48.0,33.0
Ryan Hardy,supplemental,2022-02-13,True,2024-06-25,2,0,0,0,0.0,0.0
Yvonne Smith,contractor,2014-09-28,False,2024-07-18,9,0,0,0,0.0,0.0
Kara Johnson DDS,regular full-time,2023-08-12,False,2024-02-13,0,8,4,3,48.0,33.0
Adrian Taylor,part-time,2005-01-15,False,2024-03-01,19,0,0,0,0.0,0.0
Gary Greer,contractor,2022-10-21,False,2024-02-27,1,0,0,0,0.0,0.0
Anthony Schwartz,contractor,1998-04-28,False,2024-02-05,25,0,0,0,0.0,0.0
Scott Morales,regular full-time,2003-06-06,False,2024-10-17,21,8,4,5,48.0,43.0
Kimberly Allen,regular full-time,2015-01-11,False,2024-02-09,9,8,4,3,48.0,33.0
Daniel Miller,supplemental,1996-09-20,True,2024-01-25,27,0,0,0,0.0,0.0
George Garcia DVM,part-time,2024-06-01,False,2024-06-18,0,0,0,0,0.0,0.0
Kelsey Walker,supplemental,1995-06-12,True,2024-05-27,28,0,0,0,0.0,0.0
Jessica Burns,regular full-time,1997-02-13,False,2024-11-17,27,8,4,5,48.0,43.0
Mr. Alexander Cook DDS,supplemental,2008-04-28,True,2024-02-15,15,0,0,0,0.0,0.0
Alex Ferguson,part-time,2005-06-10,False,2024-07-31,19,0,0,0,0.0,0.0
Justin Williams,contractor,2001-10-07,False,2024-02-21,22,0,0,0,0.0,0.0
Sheila Allen,regular full-time,1997-12-13,False,2024-09-21,26,8,4,5,48.0,43.0
Aaron Ramirez,regular full-time,2006-04-05,False,2024-11-30,18,8,4,4,48.0,38.0
Heather Peterson,contractor,2018-08-14,False,2024-07-06,5,0,0,0,0.0,0.0
Daisy Byrd,supplemental,2012-12-23,True,2024-05-31,11,0,0,0,0.0,0.0
Luis Gibson,contractor,2001-02-24,False,2024-06-14,23,0,0,0,0.0,0.0
Johnny Carter,regular full-time,2007-07-11,False,2024-09-08,17,8,4,4,48.0,38.0
Vincent Trujillo,part-time,2001-05-26,False,2024-05-22,23,0,0,0,0.0,0.0
Mrs. Heather Valdez,regular full-time,2020-12-21,False,2024-12-05,3,8,4,3,48.0,33.0
Candace Wright,regular full-time,1999-10-24,False,2024-09-28,24,8,4,5,48.0,43.0
Samantha Butler,contractor,2012-11-04,False,2024-07-07,11,0,0,0,0.0,0.0
Jonathan Herring,supplemental,1998-02-13,True,2024-08-30,26,0,0,0,0.0,0.0
Richard Robinson,supplemental,2001-03-16,True,2024-07-09,23,0,0,0,0.0,0.0
Dana Underwood,regular full-time,2014-02-17,False,2023-12-17,9,8,4,3,48.0,33.0
Gregory Johnson,part-time,1995-07-21,False,2024-11-13,29,0,0,0,0.0,0.0
Susan Taylor,supplemental,2010-09-08,True,2024-03-10,13,0,0,0,0.0,0.0
Tammy Miller,regular full-time,2006-04-08,False,2024-01-30,17,8,4,4,48.0,38.0
Krystal Hall,contractor,2017-11-02,False,2024-05-16,6,0,0,0,0.0,0.0
Wendy Leach,regular full-time,2001-02-07,False,2024-09-10,23,8,4,5,48.0,43.0
Michelle Campbell,regular full-time,2014-12-26,False,2024-02-12,9,8,4,3,48.0,33.0
George Stafford,contractor,2007-10-26,False,2024-05-15,16,0,0,0,0.0,0.0
Heather Christensen,part-time,2023-01-06,False,2024-07-01,1,0,0,0,0.0,0.0
Melanie Ingram,supplemental,1997-07-29,True,2024-07-31,27,0,0,0,0.0,0.0
Jessica Thomas,regular full-time,2024-01-02,False,2024-04-29,0,8,4,3,15.48,28.93
Cody Hall,contractor,2002-08-31,False,2024-01-14,21,0,0,0,0.0,0.0
Laura Calderon,regular full-time,2012-04-09,False,2024-10-17,12,8,4,4,48.0,38.0
Marcus Dunn,supplemental,1996-10-05,True,2024-01-10,27,0,0,0,0.0,0.0
Natalie Baker,part-time,2008-11-25,False,2024-03-30,15,0,0,0,0.0,0.0
Ashley Lewis,regular full-time,2017-07-17,False,2024-01-25,6,8,4,3,48.0,33.0
Jason Ingram,part-time,2004-03-20,False,2024-01-03,19,0,0,0,0.0,0.0
Lori Johnson,regular full-time,2021-11-08,False,2024-04-07,2,8,4,3,48.0,33.0
Steve Mcdowell,supplemental,2019-02-22,True,2024-09-26,5,0,0,0,0.0,0.0
Michelle Gallagher,part-time,2017-07-17,False,2024-10-22,7,0,0,0,0.0,0.0
Amy Jones,part-time,2001-05-10,False,2024-07-25,23,0,0,0,0.0,0.0
Bryan Ramos,part-time,1998-04-09,False,2024-11-11,26,0,0,0,0.0,0.0
Alex Yoder,contractor,2015-06-19,False,2024-07-24,9,0,0,0,0.0,0.0
Lori Clark,regular full-time,2018-11-15,False,2024-02-05,5,8,4,3,48.0,33.0
Mark Flynn,contractor,2015-07-24,False,2024-04-22,8,0,0,0,0.0,0.0
Paul Wiley,regular full-time,2002-08-31,False,2024-08-14,21,8,4,5,48.0,43.0
Michelle Andersen,regular full-time,1997-11-06,False,2024-01-20,26,8,4,5,48.0,43.0
Richard Jones,contractor,2014-07-02,False,2024-08-20,10,0,0,0,0.0,0.0
Candace Maldonado,regular full-time,2019-02-22,False,2024-06-23,5,8,4,3,48.0,33.0
Shelby Cordova,regular full-time,1997-11-06,False,2024-05-25,26,8,4,5,48.0,43.0
Maria Terrell,part-time,2007-04-29,False,2024-04-05,16,0,0,0,0.0,0.0
Alexander Miranda,supplemental,2022-12-03,True,2023-12-14,1,0,0,0,0.0,0.0
Jesse Schultz,supplemental,2003-08-14,True,2024-03-22,20,0,0,0,0.0,0.0
Kimberly Bates,regular full-time,2011-03-26,False,2024-07-07,13,8,4,4,48.0,38.0
Donna Mcconnell,part-time,2007-03-06,False,2024-01-04,16,0,0,0,0.0,0.0
Randy Olson,part-time,1998-05-08,False,2024-08-21,26,0,0,0,0.0,0.0
Traci Chavez,part-time,2023-08-31,False,2024-12-04,1,0,0,0,0.0,0.0
Paula Ward,regular full-time,1995-10-05,False,2024-10-19,29,8,4,5,48.0,43.0
Peter Morris,supplemental,1997-06-11,True,2024-12-07,27,0,0,0,0.0,0.0
Pamela Pratt,supplemental,2000-11-30,True,2024-04-19,23,0,0,0,0.0,0.0
Alyssa Petersen,regular full-time,2019-01-19,False,2024-06-20,5,8,4,3,48.0,33.0
Ebony Harper,contractor,2000-05-31,False,2024-02-09,23,0,0,0,0.0,0.0
Kevin Moore,supplemental,1997-06-08,True,2024-11-10,27,0,0,0,0.0,0.0
Megan Miranda,supplemental,1995-09-07,True,2024-04-23,28,0,0,0,0.0,0.0
Lisa Blake,regular full-time,2020-10-31,False,2024-05-23,3,8,4,3,48.0,33.0
Erica Price,part-time,2008-03-07,False,2024-04-23,16,0,0,0,0.0,0.0
Tiffany Stewart,part-time,2014-01-31,False,2024-03-15,10,0,0,0,0.0,0.0
Ryan Moore,contractor,2006-12-14,False,2024-05-20,17,0,0,0,0.0,0.0
Becky Daniel,part-time,2014-12-09,False,2024-07-29,9,0,0,0,0.0,0.0
Theresa Kramer,supplemental,2015-09-01,True,2024-10-30,9,0,0,0,0.0,0.0
Annette Johnson,contractor,2005-06-29,False,2024-11-17,19,0,0,0,0.0,0.0
Matthew Smith,part-time,2004-03-08,False,2024-05-28,20,0,0,0,0.0,0.0
Jonathan Jones,supplemental,2003-11-14,True,2024-10-03,20,0,0,0,0.0,0.0
Matthew Moreno,part-time,2012-09-14,False,2024-03-20,11,0,0,0,0.0,0.0
John Lopez,supplemental,2018-09-04,True,2024-01-14,5,0,0,0,0.0,0.0
Steven Dean,supplemental,2008-03-02,True,2024-04-20,16,0,0,0,0.0,0.0
Kristina Brown,regular full-time,2017-01-10,False,2024-07-16,7,8,4,3,48.0,33.0
Phillip Rosario,regular full-time,2016-04-25,False,2024-08-27,8,8,4,3,48.0,33.0
Tammie Harris,part-time,2023-04-20,False,2024-12-06,1,0,0,0,0.0,0.0
Shawn Adams,supplemental,2020-03-29,True,2024-08-17,4,0,0,0,0.0,0.0
Jeffrey Davis,part-time,2009-02-13,False,2024-08-15,15,0,0,0,0.0,0.0
Robert Orozco,part-time,1995-07-15,False,2023-12-28,28,0,0,0,0.0,0.0
Melissa Hansen,contractor,2014-02-18,False,2024-10-08,10,0,0,0,0.0,0.0
Megan Weeks,contractor,2024-09-11,False,2024-06-12,-1,0,0,0,0.0,0.0
Monica Vasquez,contractor,1996-09-11,False,2024-04-06,27,0,0,0,0.0,0.0
David Baker,regular full-time,2024-11-25,False,2024-10-11,-1,8,4,3,-5.9,26.26
Luke Garcia,contractor,2012-08-01,False,2024-04-11,11,0,0,0,0.0,0.0
Tony Walsh,supplemental,2011-06-28,True,2024-09-22,13,0,0,0,0.0,0.0
Elizabeth Fuller,part-time,2005-09-06,False,2024-04-28,18,0,0,0,0.0,0.0
Evan White MD,supplemental,2002-09-27,True,2024-10-13,22,0,0,0,0.0,0.0
Kevin Caldwell,contractor,1997-11-04,False,2024-11-07,27,0,0,0,0.0,0.0
David Choi,part-time,1999-11-25,False,2024-10-23,24,0,0,0,0.0,0.0
Bryan Sosa,part-time,2022-09-18,False,2024-07-22,1,0,0,0,0.0,0.0
Brian Stark,regular full-time,1996-04-23,False,2024-04-22,28,8,4,5,48.0,43.0
John Miller,contractor,2015-03-30,False,2024-07-14,9,0,0,0,0.0,0.0
Jason Mitchell,supplemental,2012-02-19,True,2024-10-06,12,0,0,0,0.0,0.0
Michael Cabrera,regular full-time,2017-05-05,False,2024-12-07,7,8,4,3,48.0,33.0
George Garza,part-time,2007-02-10,False,2024-08-05,17,0,0,0,0.0,0.0
Donald Combs,part-time,2016-08-24,False,2024-11-03,8,0,0,0,0.0,0.0
Brenda Williams,supplemental,2002-12-21,True,2024-03-10,21,0,0,0,0.0,0.0
Brenda Yu,part-time,2012-09-19,False,2024-01-08,11,0,0,0,0.0,0.0
Cynthia Barton,regular full-time,2022-01-17,False,2024-10-14,2,8,4,3,48.0,33.0
Terri Perez,supplemental,2022-04-18,True,2024-11-22,2,0,0,0,0.0,0.0
Rodney Smith,contractor,2016-10-06,False,2024-02-16,7,0,0,0,0.0,0.0
Charlotte Martin,contractor,1995-06-04,False,2024-12-10,29,0,0,0,0.0,0.0
Carrie Cooper,regular full-time,2014-10-26,False,2024-05-10,9,8,4,3,48.0,33.0
Amanda Woods,part-time,2016-03-02,False,2024-11-06,8,0,0,0,0.0,0.0
Christy Manning,part-time,2011-06-11,False,2024-05-26,12,0,0,0,0.0,0.0
Amber Bauer,supplemental,1998-05-13,True,2024-07-29,26,0,0,0,0.0,0.0
Jamie Mcneil,supplemental,1998-10-02,True,2024-10-10,26,0,0,0,0.0,0.0
Morgan Valdez,supplemental,2011-11-22,True,2024-10-14,12,0,0,0,0.0,0.0
Julie Nash,part-time,2018-06-14,False,2024-05-25,5,0,0,0,0.0,0.0
Michael Reed,regular full-time,1997-04-26,False,2024-05-20,27,8,4,5,48.0,43.0
Megan Garcia,supplemental,2007-09-26,True,2024-05-05,16,0,0,0,0.0,0.0
John Frazier,regular full-time,2011-04-26,False,2024-10-09,13,8,4,4,48.0,38.0
Luis Roman,regular full-time,2017-01-26,False,2024-06-09,7,8,4,3,48.0,33.0
Ronald Smith,regular full-time,2024-06-21,False,2024-03-10,-1,8,4,3,-13.51,25.31
Caroline Stevenson,supplemental,2024-03-05,True,2024-09-03,0,0,0,0,0.0,0.0
Michael Steele,supplemental,2003-01-22,True,2024-07-13,21,0,0,0,0.0,0.0
Penny Kelly,supplemental,2012-01-04,True,2024-03-22,12,0,0,0,0.0,0.0
Scott Madden,regular full-time,1999-07-31,False,2024-12-01,25,8,4,5,48.0,43.0
Jason Wheeler,supplemental,2003-07-08,True,2024-06-13,20,0,0,0,0.0,0.0
Donald Robinson,supplemental,1999-04-28,True,2024-05-19,25,0,0,0,0.0,0.0
Zoe Gordon,supplemental,2015-10-30,True,2024-08-09,8,0,0,0,0.0,0.0
Eugene Alvarado,regular full-time,2009-07-17,False,2024-03-18,14,8,4,4,48.0,38.0
Savannah Bryant,supplemental,2018-04-19,True,2024-09-05,6,0,0,0,0.0,0.0
Ms. Patricia King,contractor,2018-05-07,False,2024-07-27,6,0,0,0,0.0,0.0
Jennifer Goodman,supplemental,2023-07-20,True,2024-01-28,0,0,0,0,0.0,0.0
Caroline Green,contractor,2005-07-30,False,2024-05-24,18,0,0,0,0.0,0.0
Alex Thompson,part-time,2007-03-10,False,2024-11-26,17,0,0,0,0.0,0.0
James Brown,supplemental,2017-08-07,True,2024-11-17,7,0,0,0,0.0,0.0
Eric Norton,supplemental,2018-05-11,True,2024-06-29,6,0,0,0,0.0,0.0
Eric Green,supplemental,2012-08-03,True,2023-12-14,11,0,0,0,0.0,0.0
Frank Combs,contractor,2002-03-30,False,2024-08-05,22,0,0,0,0.0,0.0
Daniel Gonzales,contractor,2017-09-04,False,2024-07-09,6,0,0,0,0.0,0.0
Paul Garcia Jr.,supplemental,2023-03-16,True,2024-11-13,1,0,0,0,0.0,0.0
Gregory Williams,regular full-time,2023-10-12,False,2024-01-15,0,8,4,3,48.0,33.0
Adam Woodard,part-time,2010-08-21,False,2024-01-23,13,0,0,0,0.0,0.0
Matthew Hill,part-time,2003-12-27,False,2024-09-19,20,0,0,0,0.0,0.0
Richard Jones,contractor,2018-04-13,False,2024-01-25,5,0,0,0,0.0,0.0
Jessica Lynn,supplemental,1995-04-24,True,2024-02-01,28,0,0,0,0.0,0.0
Stephanie Thomas,part-time,2022-11-25,False,2024-11-27,2,0,0,0,0.0,0.0
Abigail Smith,regular full-time,2002-04-06,False,2024-02-06,21,8,4,5,48.0,43.0
Maria Massey,regular full-time,2019-09-09,False,2024-06-09,4,8,4,3,48.0,33.0
Stephanie Phillips,regular full-time,2008-07-05,False,2024-05-28,15,8,4,4,48.0,38.0
Michael Atkins,contractor,2021-08-24,False,2024-07-14,2,0,0,0,0.0,0.0
Terri Sanchez,contractor,2017-11-22,False,2023-12-28,6,0,0,0,0.0,0.0
Diane Miller,contractor,2021-09-04,False,2024-07-28,2,0,0,0,0.0,0.0
Laura Bennett,regular full-time,2023-05-31,False,2024-01-18,0,8,4,3,48.0,33.0
Linda Moore,part-time,2019-10-21,False,2024-02-04,4,0,0,0,0.0,0.0
John Hernandez,regular full-time,1997-09-21,False,2024-08-05,26,8,4,5,48.0,43.0
Debra Rowe,contractor,1997-09-03,False,2024-07-19,26,0,0,0,0.0,0.0
Dawn Scott,supplemental,2009-04-28,True,2024-09-27,15,0,0,0,0.0,0.0
Kathleen Cobb,contractor,2003-06-19,False,2024-01-23,20,0,0,0,0.0,0.0
Diana Ramirez,part-time,2015-11-21,False,2024-01-17,8,0,0,0,0.0,0.0
Tamara Wise,supplemental,2007-07-29,True,2024-08-13,17,0,0,0,0.0,0.0
John Johnson,regular full-time,2023-05-11,False,2024-02-08,0,8,4,3,48.0,33.0
Patrick Hester,supplemental,1997-05-27,True,2024-01-18,26,0,0,0,0.0,0.0
Cynthia Mccarthy,regular full-time,2019-07-04,False,2024-10-23,5,8,4,3,48.0,33.0
Heather Thomas,regular full-time,1998-04-06,False,2023-12-19,25,8,4,5,48.0,43.0
Charles Romero,regular full-time,2005-08-15,False,2024-11-24,19,8,4,4,48.0,38.0
Jonathan Jones,regular full-time,2013-04-07,False,2024-08-13,11,8,4,4,48.0,38.0
Benjamin Pope,contractor,2002-12-25,False,2024-10-21,21,0,0,0,0.0,0.0
Laura Leach,part-time,2001-07-06,False,2024-11-22,23,0,0,0,0.0,0.0
Mary Decker,regular full-time,1996-10-31,False,2024-02-27,27,8,4,5,48.0,43.0
Larry Williams,supplemental,2019-06-16,True,2024-12-02,5,0,0,0,0.0,0.0
Corey Jensen,supplemental,2020-08-22,True,2024-05-25,3,0,0,0,0.0,0.0
Patricia Cook,regular full-time,1995-03-22,False,2024-03-21,29,8,4,5,48.0,43.0
Amanda Hale,contractor,2021-09-03,False,2024-07-01,2,0,0,0,0.0,0.0
Taylor Williams,part-time,2010-08-04,False,2024-10-14,14,0,0,0,0.0,0.0
Nathan Esparza,regular full-time,2008-02-28,False,2024-10-18,16,8,4,4,48.0,38.0
William Sanchez,supplemental,2011-04-07,True,2024-08-14,13,0,0,0,0.0,0.0
Shannon Wilson,part-time,2022-03-04,False,2024-04-11,2,0,0,0,0.0,0.0
Anthony Morales,contractor,2024-06-03,False,2024-10-28,0,0,0,0,0.0,0.0
Brenda Peters,contractor,2016-02-25,False,2024-06-29,8,0,0,0,0.0,0.0
Abigail Reed,contractor,1995-10-17,False,2023-12-22,28,0,0,0,0.0,0.0
Matthew Gonzalez,supplemental,2019-04-09,True,2024-07-14,5,0,0,0,0.0,0.0
Emma Mccarty,part-time,2017-05-09,False,2024-11-13,7,0,0,0,0.0,0.0
Sylvia Munoz,regular full-time,2016-01-29,False,2023-12-24,7,8,4,3,48.0,33.0
Brooke Andrews,contractor,2013-08-08,False,2024-02-02,10,0,0,0,0.0,0.0
Taylor Wilcox,part-time,2016-09-16,False,2023-12-17,7,0,0,0,0.0,0.0
Joshua Ayala,supplemental,1996-05-21,True,2024-03-10,27,0,0,0,0.0,0.0
Jacqueline Johnson,supplemental,2018-03-31,True,2024-11-17,6,0,0,0,0.0,0.0
Jennifer Carroll,supplemental,1997-03-23,True,2024-08-08,27,0,0,0,0.0,0.0
Austin Mcneil,contractor,2012-04-12,False,2024-01-14,11,0,0,0,0.0,0.0
Kyle Johnson,contractor,2004-03-21,False,2024-06-30,20,0,0,0,0.0,0.0
John Edwards,regular full-time,2020-07-29,False,2024-01-13,3,8,4,3,48.0,33.0
Michelle Preston,contractor,1995-08-08,False,2024-08-10,29,0,0,0,0.0,0.0
James Smith,regular full-time,2017-02-20,False,2023-12-22,6,8,4,3,48.0,33.0
Nathan Shaw,regular full-time,2011-03-23,False,2023-12-14,12,8,4,4,48.0,38.0
Michael Vance,contractor,2003-03-02,False,2024-02-13,20,0,0,0,0.0,0.0
Tyler Robinson,part-time,1998-03-29,False,2024-09-25,26,0,0,0,0.0,0.0
Daniel Daniels,regular full-time,2008-12-30,False,2024-03-28,15,8,4,4,48.0,38.0
Benjamin Coleman,contractor,2012-06-07,False,2024-10-22,12,0,0,0,0.0,0.0
Andrew Farrell,contractor,1995-01-07,False,2024-04-24,29,0,0,0,0.0,0.0
Rebecca Lloyd,part-time,2021-04-06,False,2024-04-09,3,0,0,0,0.0,0.0
Richard Guerra,regular full-time,2001-04-19,False,2024-07-12,23,8,4,5,48.0,43.0
Jason Perez,contractor,2005-02-23,False,2024-06-12,19,0,0,0,0.0,0.0
Erik Clark,contractor,2016-11-09,False,2024-07-15,7,0,0,0,0.0,0.0
Tina Lee,part-time,1997-11-24,False,2024-11-09,26,0,0,0,0.0,0.0
Mary Ferguson,supplemental,2020-07-20,True,2024-09-03,4,0,0,0,0.0,0.0
Robin Lawrence,part-time,2021-11-21,False,2024-03-27,2,0,0,0,0.0,0.0
Corey Ward,supplemental,2003-07-08,True,2023-12-26,20,0,0,0,0.0,0.0
Laura Miller,regular full-time,2005-01-14,False,2024-02-10,19,8,4,4,48.0,38.0
Kelly Santana,part-time,2002-06-28,False,2024-03-14,21,0,0,0,0.0,0.0
Joseph Clayton,regular full-time,2005-12-27,False,2024-03-12,18,8,4,4,48.0,38.0
Richard Braun,regular full-time,2014-11-17,False,2024-06-28,9,8,4,3,48.0,33.0
Rachael Taylor,part-time,1995-08-04,False,2024-04-16,28,0,0,0,0.0,0.0
Tonya Spencer,part-time,2002-04-30,False,2024-07-27,22,0,0,0,0.0,0.0
Erica Greer,contractor,2023-08-25,False,2024-06-18,0,0,0,0,0.0,0.0
Jennifer Barnett,regular full-time,2007-03-19,False,2024-10-28,17,8,4,4,48.0,38.0
Carl Gonzales,part-time,1995-07-01,False,2024-09-24,29,0,0,0,0.0,0.0
Brenda Martinez,regular full-time,2004-02-01,False,2024-06-30,20,8,4,4,48.0,38.0
Christina Montes,contractor,2011-07-05,False,2023-12-29,12,0,0,0,0.0,0.0
Patrick Thompson,supplemental,2019-09-05,True,2024-04-03,4,0,0,0,0.0,0.0
Ronnie Howard,supplemental,2006-02-16,True,2024-08-04,18,0,0,0,0.0,0.0
Emily Stanley,part-time,2023-03-15,False,2024-03-22,1,0,0,0,0.0,0.0
Taylor Woods,regular full-time,2003-03-10,False,2024-02-07,20,8,4,5,48.0,43.0
Crystal Bass,supplemental,2023-01-01,True,2024-06-27,1,0,0,0,0.0,0.0
Brenda Dawson,part-time,2011-11-07,False,2023-12-18,12,0,0,0,0.0,0.0
Russell Fuller,supplemental,2000-04-17,True,2024-06-26,24,0,0,0,0.0,0.0
Sheila Price,regular full-time,2001-07-14,False,2024-04-30,22,8,4,5,48.0,43.0
Joanna Hoffman,contractor,2001-02-15,False,2024-01-23,22,0,0,0,0.0,0.0
Mark Robinson,supplemental,1999-07-02,True,2024-11-15,25,0,0,0,0.0,0.0
Tina Jenkins,contractor,2018-02-26,False,2024-10-23,6,0,0,0,0.0,0.0
Randy Christian,part-time,2012-06-02,False,2024-01-06,11,0,0,0,0.0,0.0
John Diaz,contractor,2018-06-08,False,2024-08-11,6,0,0,0,0.0,0.0
Angelica Guzman,regular full-time,2004-11-19,False,2024-07-29,19,8,4,4,48.0,38.0
Larry Gates,supplemental,2012-04-30,True,2024-04-06,11,0,0,0,0.0,0.0
Karen Dodson,supplemental,2001-11-30,True,2023-12-21,22,0,0,0,0.0,0.0
Christina Taylor,part-time,2004-02-28,False,2024-05-28,20,0,0,0,0.0,0.0
April Trujillo MD,regular full-time,1996-12-30,False,2024-08-15,27,8,4,5,48.0,43.0
Alexis Gilbert,supplemental,2005-02-12,True,2024-09-20,19,0,0,0,0.0,0.0
Sharon Hunt,contractor,1998-03-26,False,2024-07-27,26,0,0,0,0.0,0.0
Darlene Morris,supplemental,2008-04-25,True,2023-12-25,15,0,0,0,0.0,0.0
Nathan Woods,contractor,2006-01-13,False,2024-06-15,18,0,0,0,0.0,0.0
Patricia Hoffman,contractor,2011-03-08,False,2024-11-15,13,0,0,0,0.0,0.0
Scott Martinez,contractor,2011-12-05,False,2024-03-06,12,0,0,0,0.0,0.0
Matthew Fox,part-time,2006-07-16,False,2024-04-17,17,0,0,0,0.0,0.0
Abigail Charles,supplemental,2008-02-23,True,2024-04-05,16,0,0,0,0.0,0.0
Joshua Mcpherson,contractor,1995-01-02,False,2024-02-07,29,0,0,0,0.0,0.0
Daniel Hernandez Jr.,supplemental,2014-01-05,True,2024-03-17,10,0,0,0,0.0,0.0
Kendra Walker,regular full-time,1999-09-08,False,2024-05-15,24,8,4,5,48.0,43.0
Jared Bates,part-time,2013-05-29,False,2024-08-28,11,0,0,0,0.0,0.0
Sean Nichols,regular full-time,2016-09-11,False,2024-03-13,7,8,4,3,48.0,33.0
Jessica Hayes,part-time,2021-08-08,False,2024-06-15,2,0,0,0,0.0,0.0
Tina Moore,part-time,2005-04-24,False,2024-07-25,19,0,0,0,0.0,0.0
James Nolan,supplemental,1997-10-31,True,2023-12-30,26,0,0,0,0.0,0.0
Jane Weaver,regular full-time,2012-09-21,False,2024-02-25,11,8,4,4,48.0,38.0
Janet Reynolds,part-time,2008-11-24,False,2024-10-27,15,0,0,0,0.0,0.0
Allison Hodges,part-time,2005-07-04,False,2024-02-22,18,0,0,0,0.0,0.0
Jaime Harris,contractor,1995-05-24,False,2024-07-18,29,0,0,0,0.0,0.0
James Ferguson,contractor,2017-11-03,False,2024-11-20,7,0,0,0,0.0,0.0
Melanie Donovan,part-time,1995-10-08,False,2024-09-08,28,0,0,0,0.0,0.0
Kurt Neal,part-time,2022-10-09,False,2024-09-11,1,0,0,0,0.0,0.0
Karen Hernandez,supplemental,2016-07-28,True,2024-06-07,7,0,0,0,0.0,0.0
Amy Richardson,regular full-time,2003-06-23,False,2024-07-17,21,8,4,5,48.0,43.0
Lawrence Miller,regular full-time,2004-07-20,False,2024-07-10,19,8,4,4,48.0,38.0
Lisa Jimenez,contractor,2012-12-17,False,2024-04-06,11,0,0,0,0.0,0.0
Jennifer Simpson,contractor,2013-11-29,False,2024-07-05,10,0,0,0,0.0,0.0
Joseph Gill,regular full-time,1995-08-24,False,2024-05-26,28,8,4,5,48.0,43.0
Dawn Bradshaw,part-time,2005-11-10,False,2024-04-27,18,0,0,0,0.0,0.0
Kirsten Webster,part-time,1995-11-26,False,2024-05-16,28,0,0,0,0.0,0.0
Michael Simmons,supplemental,2011-08-05,True,2024-07-07,12,0,0,0,0.0,0.0
Kim Cooper,regular full-time,2001-01-03,False,2024-10-03,23,8,4,5,48.0,43.0
Jeffrey Morton,contractor,2015-10-09,False,2024-02-16,8,0,0,0,0.0,0.0
David Gonzalez,part-time,1999-02-23,False,2024-11-14,25,0,0,0,0.0,0.0
Steven West,part-time,1997-10-18,False,2024-05-27,26,0,0,0,0.0,0.0
Carla Richardson,part-time,2022-09-11,False,2024-06-01,1,0,0,0,0.0,0.0
Susan Nunez,part-time,2002-03-09,False,2024-03-20,22,0,0,0,0.0,0.0
Kenneth Robinson,contractor,2000-05-27,False,2024-01-06,23,0,0,0,0.0,0.0
Michael Garcia,contractor,2014-05-26,False,2023-12-29,9,0,0,0,0.0,0.0
Bill Bowman,supplemental,2023-04-27,True,2024-04-27,1,0,0,0,0.0,0.0
Melissa Wilson,contractor,2009-11-18,False,2024-11-22,15,0,0,0,0.0,0.0
Sandra Clark,part-time,2019-04-25,False,2024-03-17,4,0,0,0,0.0,0.0
William Perry,supplemental,2011-05-14,True,2024-04-12,12,0,0,0,0.0,0.0
Dana Li,contractor,2016-05-11,False,2024-05-22,8,0,0,0,0.0,0.0
David Santana,regular full-time,2017-10-21,False,2024-05-19,6,8,4,3,48.0,33.0
John Dudley,part-time,1997-08-05,False,2024-11-20,27,0,0,0,0.0,0.0
Benjamin Carter,part-time,2001-06-07,False,2023-12-27,22,0,0,0,0.0,0.0
Nicholas Gilbert,supplemental,2008-06-15,True,2024-07-25,16,0,0,0,0.0,0.0
Adrian Mccann,part-time,2019-01-27,False,2024-07-18,5,0,0,0,0.0,0.0
Michael Kelley,contractor,2001-01-14,False,2024-08-23,23,0,0,0,0.0,0.0
Paul Ruiz,contractor,1997-03-11,False,2024-11-15,27,0,0,0,0.0,0.0
Robert Nelson,supplemental,2008-03-30,True,2024-08-31,16,0,0,0,0.0,0.0
Sherri Andrews,contractor,2009-06-20,False,2024-10-10,15,0,0,0,0.0,0.0
Joshua Martin,part-time,2012-01-18,False,2024-08-28,12,0,0,0,0.0,0.0
Melissa Flores,supplemental,2007-10-24,True,2024-01-11,16,0,0,0,0.0,0.0
Ashley Wilson,contractor,2003-06-07,False,2024-09-08,21,0,0,0,0.0,0.0
Daniel Reid,part-time,2000-02-08,False,2023-12-21,23,0,0,0,0.0,0.0
Alyssa Lopez,part-time,1997-04-15,False,2024-02-01,26,0,0,0,0.0,0.0
Corey Jones,contractor,2022-07-02,False,2024-05-25,1,0,0,0,0.0,0.0
Robert Wallace,supplemental,2022-04-14,True,2024-06-15,2,0,0,0,0.0,0.0
Katherine Gibson,supplemental,2018-04-10,True,2024-03-02,5,0,0,0,0.0,0.0
Jenna Khan,contractor,2023-09-19,False,2024-06-18,0,0,0,0,0.0,0.0
Michael Gomez,contractor,2004-12-28,False,2024-01-08,19,0,0,0,0.0,0.0
Ana Holland,regular full-time,2003-07-02,False,2024-06-24,20,8,4,5,48.0,43.0
Leroy Davis,part-time,2015-08-19,False,2024-01-11,8,0,0,0,0.0,0.0
Jodi Kirby,contractor,2005-03-03,False,2024-03-03,19,0,0,0,0.0,0.0
Yolanda Moore,supplemental,2020-10-19,True,2024-02-22,3,0,0,0,0.0,0.0
David Velasquez,supplemental,2017-02-11,True,2024-07-03,7,0,0,0,0.0,0.0
Tanya Wilkins,regular full-time,1996-05-04,False,2024-08-15,28,8,4,5,48.0,43.0
Rachael Richardson,regular full-time,2021-10-15,False,2024-09-18,2,8,4,3,48.0,33.0
Megan Price,supplemental,2005-01-12,True,2024-01-28,19,0,0,0,0.0,0.0
Vanessa Owens,part-time,2022-07-03,False,2024-05-29,1,0,0,0,0.0,0.0
Angela Clark,part-time,2016-08-24,False,2024-05-10,7,0,0,0,0.0,0.0
Melissa Williams,contractor,2015-06-07,False,2024-04-19,8,0,0,0,0.0,0.0
Monica Fleming,contractor,2014-05-24,False,2024-04-20,9,0,0,0,0.0,0.0
Haley Li,supplemental,2014-04-23,True,2024-10-14,10,0,0,0,0.0,0.0
Adam Holland,supplemental,2024-03-02,True,2024-04-16,0,0,0,0,0.0,0.0
Beth Farrell,regular full-time,2009-08-24,False,2024-07-28,14,8,4,4,48.0,38.0
Rachel Fernandez,regular full-time,2004-08-26,False,2024-05-18,19,8,4,4,48.0,38.0
Aaron Sharp,supplemental,2021-04-14,True,2024-06-19,3,0,0,0,0.0,0.0
Dr. Blake Hunt,part-time,2021-02-25,False,2024-03-07,3,0,0,0,0.0,0.0
Adam Williams,regular full-time,2002-09-02,False,2024-10-17,22,8,4,5,48.0,43.0
Ashley Woods,supplemental,2018-11-05,True,2024-01-09,5,0,0,0,0.0,0.0
Steven Hayes,contractor,2005-03-08,False,2024-01-14,18,0,0,0,0.0,0.0
Daniel Contreras,supplemental,2005-11-21,True,2024-07-06,18,0,0,0,0.0,0.0
Daniel Reed,part-time,2014-12-28,False,2024-07-31,9,0,0,0,0.0,0.0
Paul Gillespie,regular full-time,1999-11-12,False,2023-12-17,24,8,4,5,48.0,43.0
Javier Wallace,part-time,2011-06-26,False,2024-01-21,12,0,0,0,0.0,0.0
Dennis Gross,part-time,2017-10-23,False,2024-11-21,7,0,0,0,0.0,0.0
Francisco Clark,regular full-time,2006-09-04,False,2024-05-08,17,8,4,4,48.0,38.0
Dawn Welch,contractor,2005-12-13,False,2024-06-26,18,0,0,0,0.0,0.0
Mark Russell,contractor,2022-04-27,False,2024-11-14,2,0,0,0,0.0,0.0
Ernest Morales,regular full-time,1998-11-09,False,2024-06-15,25,8,4,5,48.0,43.0
Robert Hunter,contractor,1997-04-03,False,2024-08-26,27,0,0,0,0.0,0.0
Travis Turner,supplemental,2015-03-22,True,2024-05-28,9,0,0,0,0.0,0.0
Ariana Hodge,contractor,1996-05-19,False,2024-07-15,28,0,0,0,0.0,0.0
Nicholas Carter,part-time,2023-05-28,False,2024-07-29,1,0,0,0,0.0,0.0
Virginia Davis,contractor,2004-07-12,False,2024-07-10,20,0,0,0,0.0,0.0
Larry Horn,contractor,2016-12-01,False,2024-10-18,7,0,0,0,0.0,0.0
Joseph Ford,regular full-time,1999-02-24,False,2024-12-05,25,8,4,5,48.0,43.0
Tammy Lee,contractor,1997-11-11,False,2024-06-06,26,0,0,0,0.0,0.0
Kyle Petty,supplemental,2014-05-11,True,2024-03-28,9,0,0,0,0.0,0.0
Donald Daniels,contractor,2011-06-02,False,2024-01-30,12,0,0,0,0.0,0.0
Melinda Moses,supplemental,2015-05-07,True,2024-06-24,9,0,0,0,0.0,0.0
David Porter,contractor,2022-07-12,False,2024-08-27,2,0,0,0,0.0,0.0
John Barker,part-time,2003-11-11,False,2024-03-02,20,0,0,0,0.0,0.0
Dominique Green,contractor,2005-07-07,False,2024-09-12,19,0,0,0,0.0,0.0
James Johnson,part-time,1998-06-13,False,2024-01-13,25,0,0,0,0.0,0.0
Barbara Jimenez,contractor,2020-09-30,False,2024-01-08,3,0,0,0,0.0,0.0
Kelsey Wiley,contractor,2011-01-24,False,2024-02-14,13,0,0,0,0.0,0.0
Tony Henson,supplemental,2009-07-22,True,2024-03-02,14,0,0,0,0.0,0.0
Jason Howard,supplemental,2015-08-24,True,2024-01-14,8,0,0,0,0.0,0.0
Jesus Jensen,supplemental,2024-01-14,True,2024-05-04,0,0,0,0,0.0,0.0
Dennis Rojas,part-time,2009-11-02,False,2024-02-12,14,0,0,0,0.0,0.0
Rick Bryan,regular full-time,2020-03-22,False,2024-09-30,4,8,4,3,48.0,33.0
Christy Rogers,part-time,2006-07-19,False,2024-07-04,17,0,0,0,0.0,0.0
Cheryl Fisher,supplemental,2010-09-05,True,2024-04-02,13,0,0,0,0.0,0.0
Wendy Payne,regular full-time,2016-08-14,False,2024-08-11,7,8,4,3,48.0,33.0
Felicia Robinson,part-time,1999-08-28,False,2024-04-12,24,0,0,0,0.0,0.0
Sandra Hines,supplemental,2003-05-13,True,2023-12-31,20,0,0,0,0.0,0.0
Margaret Woods,regular full-time,2004-02-12,False,2024-01-22,19,8,4,4,48.0,38.0
Ian Meyer,contractor,2018-09-08,False,2024-08-29,5,0,0,0,0.0,0.0
Amy Williams,supplemental,2008-12-30,True,2023-12-14,14,0,0,0,0.0,0.0
Denise Wood,part-time,2021-06-21,False,2024-06-26,3,0,0,0,0.0,0.0
Jennifer Garcia,supplemental,2017-02-17,True,2024-01-29,6,0,0,0,0.0,0.0
Donna Cooper,supplemental,2012-08-20,True,2024-01-29,11,0,0,0,0.0,0.0
Mary Rivera,part-time,1997-03-05,False,2024-09-30,27,0,0,0,0.0,0.0
Robin Lozano,part-time,2013-01-31,False,2024-11-03,11,0,0,0,0.0,0.0
Teresa Williams,contractor,1999-08-23,False,2024-02-19,24,0,0,0,0.0,0.0
Jacob Rollins,supplemental,2004-03-23,True,2024-09-23,20,0,0,0,0.0,0.0
Stephen James,supplemental,1998-08-13,True,2024-06-29,25,0,0,0,0.0,0.0
Darrell Hood,part-time,2000-09-13,False,2024-10-14,24,0,0,0,0.0,0.0
Michelle Richardson,contractor,2017-03-31,False,2024-11-26,7,0,0,0,0.0,0.0
Ashley Perkins,contractor,2007-12-04,False,2024-09-05,16,0,0,0,0.0,0.0
Pedro Harrison MD,regular full-time,2011-05-29,False,2024-12-05,13,8,4,4,48.0,38.0
David Young,supplemental,2024-07-04,True,2024-08-04,0,0,0,0,0.0,0.0
Linda Moore,contractor,2001-06-02,False,2024-03-25,22,0,0,0,0.0,0.0
Kyle Pierce,supplemental,2000-02-28,True,2024-01-25,23,0,0,0,0.0,0.0
Jason Nguyen,part-time,2020-10-19,False,2024-01-16,3,0,0,0,0.0,0.0
Vanessa Knight,contractor,2018-07-07,False,2024-03-13,5,0,0,0,0.0,0.0
Jessica Hudson,regular full-time,1999-08-15,False,2024-12-07,25,8,4,5,48.0,43.0
Keith Morgan,supplemental,2023-05-17,True,2024-04-26,0,0,0,0,0.0,0.0
Johnny Lamb,contractor,2010-06-05,False,2024-07-28,14,0,0,0,0.0,0.0
Ashley Price,contractor,2015-02-28,False,2024-02-27,9,0,0,0,0.0,0.0
Toni Allen,regular full-time,2022-03-06,False,2024-05-24,2,8,4,3,48.0,33.0
Duane Wilkins,part-time,1998-12-03,False,2024-01-29,25,0,0,0,0.0,0.0
Sean Pearson III,supplemental,2023-04-24,True,2024-11-26,1,0,0,0,0.0,0.0
Kelly Jensen,contractor,1999-04-01,False,2024-11-30,25,0,0,0,0.0,0.0
Paul Williams,part-time,2020-04-22,False,2024-04-19,3,0,0,0,0.0,0.0
Haley Mejia,regular full-time,2022-03-08,False,2024-09-06,2,8,4,3,48.0,33.0
Michael Allen,regular full-time,2016-01-16,False,2024-05-21,8,8,4,3,48.0,33.0
Christina Herrera,contractor,2018-11-11,False,2023-12-20,5,0,0,0,0.0,0.0
Melissa Gonzales,supplemental,2012-12-16,True,2024-11-04,11,0,0,0,0.0,0.0
John Roberts MD,regular full-time,2008-06-15,False,2024-05-01,15,8,4,4,48.0,38.0
Timothy Tanner,part-time,1997-11-08,False,2024-01-20,26,0,0,0,0.0,0.0
James Gilmore II,supplemental,2005-07-27,True,2024-07-26,19,0,0,0,0.0,0.0
Billy Robbins,contractor,2011-01-31,False,2024-06-01,13,0,0,0,0.0,0.0
Darryl Garrett,supplemental,2014-02-23,True,2024-04-23,10,0,0,0,0.0,0.0
Teresa Rodriguez,contractor,1995-12-12,False,2024-02-14,28,0,0,0,0.0,0.0
Stacy Green,contractor,2018-01-02,False,2024-06-03,6,0,0,0,0.0,0.0
Sherri Olson,supplemental,2010-09-05,True,2024-08-20,13,0,0,0,0.0,0.0
Michelle Hamilton,supplemental,2023-10-12,True,2024-02-27,0,0,0,0,0.0,0.0
Steven Moore,contractor,2017-03-11,False,2023-12-30,6,0,0,0,0.0,0.0
Valerie Phillips,regular full-time,1999-08-10,False,2024-03-22,24,8,4,5,48.0,43.0
Patrick Wu,part-time,2017-02-01,False,2024-01-16,6,0,0,0,0.0,0.0
Tamara James,supplemental,2010-06-23,True,2024-04-23,13,0,0,0,0.0,0.0
Donna Meadows,part-time,2017-08-07,False,2024-08-21,7,0,0,0,0.0,0.0
Denise King,supplemental,2008-03-02,True,2024-05-13,16,0,0,0,0.0,0.0
Shannon Harrison,contractor,2006-11-01,False,2024-01-04,17,0,0,0,0.0,0.0
Dr. John Brown,contractor,2001-08-15,False,2024-09-04,23,0,0,0,0.0,0.0
James Pierce,part-time,2011-11-24,False,2024-01-15,12,0,0,0,0.0,0.0
Kelly Parker,part-time,2005-08-27,False,2024-01-27,18,0,0,0,0.0,0.0
Julie Smith,regular full-time,2012-01-25,False,2024-05-06,12,8,4,4,48.0,38.0
Jeffrey Blake,supplemental,2006-12-15,True,2024-10-11,17,0,0,0,0.0,0.0
Alexander Simmons,part-time,2002-10-16,False,2024-12-08,22,0,0,0,0.0,0.0
Andrew Pacheco,contractor,2012-05-06,False,2024-01-22,11,0,0,0,0.0,0.0
Joshua Gordon,part-time,2012-07-19,False,2024-11-09,12,0,0,0,0.0,0.0
David Gomez,supplemental,2013-09-24,True,2024-10-07,11,0,0,0,0.0,0.0
Zachary Holden,supplemental,2000-08-25,True,2024-09-27,24,0,0,0,0.0,0.0
Michael Ramirez,contractor,2008-06-01,False,2024-01-10,15,0,0,0,0.0,0.0
Jerry Pineda,contractor,2014-08-04,False,2024-04-01,9,0,0,0,0.0,0.0
Lisa Stanton,supplemental,2015-04-06,True,2024-06-02,9,0,0,0,0.0,0.0
Christina Murphy,supplemental,2001-09-16,True,2024-01-22,22,0,0,0,0.0,0.0
Heather Shaw,supplemental,2017-03-12,True,2024-10-29,7,0,0,0,0.0,0.0
Jennifer Greene,regular full-time,2006-02-19,False,2024-08-19,18,8,4,4,48.0,38.0
Caroline Paul,part-time,2004-05-11,False,2024-04-19,19,0,0,0,0.0,0.0
Levi Mcgee,supplemental,2011-12-31,True,2024-02-04,12,0,0,0,0.0,0.0
Laura Knapp,contractor,2018-11-26,False,2024-03-17,5,0,0,0,0.0,0.0
Megan Diaz,contractor,2011-02-03,False,2024-05-05,13,0,0,0,0.0,0.0
Andrew Mitchell,supplemental,2004-10-24,True,2024-04-01,19,0,0,0,0.0,0.0
Mrs. Heather Rodriguez,supplemental,2014-07-29,True,2024-08-11,10,0,0,0,0.0,0.0
Michael Moore,supplemental,2004-01-26,True,2024-11-25,20,0,0,0,0.0,0.0
Erin Trujillo,regular full-time,2015-05-30,False,2024-01-22,8,8,4,3,48.0,33.0
Lisa Robinson,contractor,2005-08-12,False,2023-12-16,18,0,0,0,0.0,0.0
Jose Evans,regular full-time,2004-11-30,False,2024-08-07,19,8,4,4,48.0,38.0
Randy Donovan,part-time,2021-09-15,False,2024-02-06,2,0,0,0,0.0,0.0
Holly Vincent,regular full-time,2013-10-14,False,2024-08-18,10,8,4,4,48.0,38.0
Raven Escobar DDS,part-time,2017-04-29,False,2024-04-05,6,0,0,0,0.0,0.0
Roy Ewing,part-time,2004-11-04,False,2024-04-26,19,0,0,0,0.0,0.0
Megan Keith,contractor,2015-05-25,False,2024-11-12,9,0,0,0,0.0,0.0
Michele Brown,contractor,2013-05-09,False,2024-04-01,10,0,0,0,0.0,0.0
Theresa Baker,regular full-time,2009-02-25,False,2024-10-12,15,8,4,4,48.0,38.0
Eric Norton,regular full-time,2008-02-22,False,2024-06-25,16,8,4,4,48.0,38.0
Kevin Spears,contractor,2018-08-02,False,2024-03-30,5,0,0,0,0.0,0.0
Jamie Garrett,supplemental,2023-04-11,True,2024-04-20,1,0,0,0,0.0,0.0
Darryl Sanders,part-time,2014-11-05,False,2024-05-16,9,0,0,0,0.0,0.0
Andrew Martin,supplemental,1996-07-01,True,2024-08-01,28,0,0,0,0.0,0.0
Eric Hayes,supplemental,2015-12-14,True,2024-08-27,8,0,0,0,0.0,0.0
Ronald Williams,contractor,2019-12-06,False,2024-10-30,4,0,0,0,0.0,0.0
David Moore,part-time,2016-11-01,False,2024-06-24,7,0,0,0,0.0,0.0
Debra Andrews,part-time,2022-08-05,False,2024-07-26,1,0,0,0,0.0,0.0
Andrea Jones,contractor,2000-06-28,False,2024-01-12,23,0,0,0,0.0,0.0
Melissa Watson,regular full-time,2008-11-24,False,2024-05-28,15,8,4,4,48.0,38.0
Travis Garcia MD,contractor,2007-02-11,False,2024-05-27,17,0,0,0,0.0,0.0
Jaime Brown MD,supplemental,1998-02-10,True,2024-10-14,26,0,0,0,0.0,0.0
Hannah Jackson,part-time,1998-04-26,False,2024-11-09,26,0,0,0,0.0,0.0
John Thompson,regular full-time,1999-10-24,False,2023-12-23,24,8,4,5,48.0,43.0
Charles Kirby,regular full-time,2010-07-15,False,2024-05-17,13,8,4,4,48.0,38.0
John Jensen,part-time,2023-08-26,False,2024-09-16,1,0,0,0,0.0,0.0
Kimberly Snyder,regular full-time,2005-06-22,False,2024-08-17,19,8,4,4,48.0,38.0
Melissa Roberts,contractor,2003-01-07,False,2024-08-25,21,0,0,0,0.0,0.0
Brittany Stuart,supplemental,2024-05-23,True,2024-08-02,0,0,0,0,0.0,0.0
Shirley Peterson,supplemental,2004-09-08,True,2024-11-28,20,0,0,0,0.0,0.0
Jose Davies,contractor,2005-08-13,False,2024-10-29,19,0,0,0,0.0,0.0
Paul Benson,regular full-time,2007-01-23,False,2024-07-01,17,8,4,4,48.0,38.0
Glen Ruiz,part-time,1998-08-12,False,2024-09-23,26,0,0,0,0.0,0.0
Melissa Morgan,contractor,2011-08-04,False,2024-04-20,12,0,0,0,0.0,0.0
Dustin Johnson,regular full-time,2016-12-18,False,2024-03-20,7,8,4,3,48.0,33.0
Donald Sawyer,part-time,2016-06-12,False,2024-09-09,8,0,0,0,0.0,0.0
Stephen White,part-time,2003-07-20,False,2024-03-16,20,0,0,0,0.0,0.0
Carolyn Little,contractor,2000-06-13,False,2024-11-19,24,0,0,0,0.0,0.0
Mary Aguilar,supplemental,2006-01-23,True,2024-05-24,18,0,0,0,0.0,0.0
Ashley Harrell,contractor,2008-10-09,False,2024-04-30,15,0,0,0,0.0,0.0
Christopher Gutierrez,contractor,2001-05-30,False,2024-10-09,23,0,0,0,0.0,0.0
Monique Johnson,contractor,2014-10-05,False,2024-11-08,10,0,0,0,0.0,0.0
Christine Barrett,regular full-time,2007-11-20,False,2024-04-28,16,8,4,4,48.0,38.0
Melinda Strickland DVM,contractor,2023-10-10,False,2024-01-29,0,0,0,0,0.0,0.0
Joshua Ramirez,regular full-time,2019-02-28,False,2024-04-25,5,8,4,3,48.0,33.0
Jessica Frazier,supplemental,1999-10-12,True,2024-01-14,24,0,0,0,0.0,0.0
Tommy Mathis,regular full-time,1998-11-04,False,2024-01-08,25,8,4,5,48.0,43.0
Michael Nguyen,part-time,2019-07-19,False,2024-06-17,4,0,0,0,0.0,0.0
Patricia Hanson,regular full-time,2023-12-14,False,2024-09-20,0,8,4,3,48.0,33.0
Kristin Mcguire,regular full-time,2009-09-08,False,2024-07-05,14,8,4,4,48.0,38.0
Connie Washington,regular full-time,2021-06-07,False,2024-10-15,3,8,4,3,48.0,33.0
Joshua Stevens,supplemental,2009-09-27,True,2024-08-14,14,0,0,0,0.0,0.0
Brenda Kelly,supplemental,2015-01-05,True,2024-09-17,9,0,0,0,0.0,0.0
David Lee,contractor,2023-09-15,False,2024-02-07,0,0,0,0,0.0,0.0
Kelly Johnson,contractor,1998-12-26,False,2024-10-30,25,0,0,0,0.0,0.0
Wesley Boyd,regular full-time,2005-07-15,False,2024-12-05,19,8,4,4,48.0,38.0
Mr. Travis Brown III,regular full-time,2022-01-03,False,2024-11-18,2,8,4,3,48.0,33.0
Cynthia Roberts,part-time,2007-05-01,False,2024-09-20,17,0,0,0,0.0,0.0
Austin Keller,regular full-time,2016-03-09,False,2024-04-08,8,8,4,3,48.0,33.0
Michael Romero,supplemental,2024-11-19,True,2024-05-23,-1,0,0,0,0.0,0.0
Laurie Hardy,supplemental,2007-04-18,True,2024-10-17,17,0,0,0,0.0,0.0
Donna Johnson,regular full-time,2023-01-17,False,2024-01-24,1,8,4,3,48.0,33.0
David Adams,contractor,2019-01-06,False,2024-10-17,5,0,0,0,0.0,0.0
Danielle Bond,supplemental,2013-10-13,True,2024-05-27,10,0,0,0,0.0,0.0
Teresa Wood,regular full-time,1995-09-28,False,2024-03-14,28,8,4,5,48.0,43.0
Joseph White,part-time,2019-12-06,False,2024-10-31,4,0,0,0,0.0,0.0
Gavin Campbell,regular full-time,2008-04-25,False,2024-11-08,16,8,4,4,48.0,38.0
Brittany Mullen,contractor,2021-01-26,False,2024-07-26,3,0,0,0,0.0,0.0
Jonathan Torres,regular full-time,2020-07-23,False,2024-11-12,4,8,4,3,48.0,33.0
Alexis Sweeney,part-time,2015-02-23,False,2024-05-18,9,0,0,0,0.0,0.0
Kellie Bartlett,regular full-time,2001-07-02,False,2024-09-30,23,8,4,5,48.0,43.0
Christine Richards,part-time,2005-03-07,False,2024-07-06,19,0,0,0,0.0,0.0
Dylan Oliver,part-time,2002-04-08,False,2024-03-27,21,0,0,0,0.0,0.0
Emily Terrell,supplemental,2016-12-17,True,2024-10-06,7,0,0,0,0.0,0.0
Eric Cohen,contractor,2008-07-18,False,2024-03-22,15,0,0,0,0.0,0.0
Mr. Rodney Smith,supplemental,2019-08-19,True,2024-10-08,5,0,0,0,0.0,0.0
Felicia Pratt,part-time,2009-08-26,False,2024-03-09,14,0,0,0,0.0,0.0
Roy Carter,regular full-time,2006-01-04,False,2024-06-04,18,8,4,4,48.0,38.0
Kyle Cardenas Jr.,supplemental,2021-09-08,True,2024-03-08,2,0,0,0,0.0,0.0
Morgan Johnson,contractor,2021-02-10,False,2024-11-04,3,0,0,0,0.0,0.0
Steven Davis,part-time,2016-04-08,False,2024-09-13,8,0,0,0,0.0,0.0
Ethan Ferguson,regular full-time,2024-05-08,False,2024-07-29,0,8,4,3,10.75,28.34
Mr. Daniel Rodriguez,regular full-time,2019-05-07,False,2024-07-27,5,8,4,3,48.0,33.0
Mrs. Jacqueline White DVM,part-time,1996-04-20,False,2024-08-30,28,0,0,0,0.0,0.0
Thomas Lane,regular full-time,1995-08-30,False,2024-01-25,28,8,4,5,48.0,43.0
Carla Sanders,supplemental,2021-12-29,True,2024-07-08,2,0,0,0,0.0,0.0
Rachel Reynolds,regular full-time,1996-04-04,False,2023-12-27,27,8,4,5,48.0,43.0
Donna Hurley,regular full-time,2009-02-21,False,2024-11-19,15,8,4,4,48.0,38.0
Jennifer Graves,supplemental,1995-06-22,True,2024-03-27,28,0,0,0,0.0,0.0
Amy Callahan,part-time,2019-02-05,False,2024-09-15,5,0,0,0,0.0,0.0
Emily Harper,part-time,2024-01-31,False,2024-06-09,0,0,0,0,0.0,0.0
Todd Ferguson,part-time,2018-08-31,False,2024-01-16,5,0,0,0,0.0,0.0
Amy Wright,part-time,2000-10-18,False,2023-12-13,23,0,0,0,0.0,0.0
Claire Porter,regular full-time,2023-11-26,False,2024-06-09,0,8,4,3,48.0,33.0
Hunter Miller,regular full-time,2017-05-27,False,2024-09-12,7,8,4,3,48.0,33.0
Matthew Smith,part-time,2021-08-07,False,2024-05-12,2,0,0,0,0.0,0.0
Misty Thompson,contractor,2003-11-03,False,2024-05-27,20,0,0,0,0.0,0.0
Deborah Coffey,supplemental,2007-09-28,True,2024-08-01,16,0,0,0,0.0,0.0
Jack Conner,supplemental,2018-05-29,True,2023-12-17,5,0,0,0,0.0,0.0
Raymond Jackson,contractor,2003-09-06,False,2024-06-19,20,0,0,0,0.0,0.0
Nicole Woods,contractor,1999-10-05,False,2024-04-11,24,0,0,0,0.0,0.0
Kelly Burns,part-time,2004-09-04,False,2024-07-23,19,0,0,0,0.0,0.0
Diane Hicks,contractor,2005-05-26,False,2024-09-26,19,0,0,0,0.0,0.0
Michael Quinn,part-time,2011-02-18,False,2024-04-20,13,0,0,0,0.0,0.0
Abigail Rodriguez,contractor,2003-08-31,False,2024-09-06,21,0,0,0,0.0,0.0
Cynthia Espinoza,regular full-time,1998-04-20,False,2024-06-05,26,8,4,5,48.0,43.0
Ivan Hoover,part-time,2004-04-05,False,2024-05-17,20,0,0,0,0.0,0.0
Mark Morgan,regular full-time,2023-08-22,False,2024-09-26,1,8,4,3,48.0,33.0
Zachary Morris,supplemental,2007-11-05,True,2024-04-09,16,0,0,0,0.0,0.0
David Yu,supplemental,1998-12-22,True,2024-11-25,25,0,0,0,0.0,0.0
Terry Smith,part-time,2015-08-15,False,2024-11-21,9,0,0,0,0.0,0.0
Amanda Mcdowell,regular full-time,2008-07-05,False,2024-08-18,16,8,4,4,48.0,38.0
Melissa Moore,supplemental,2018-07-21,True,2024-02-26,5,0,0,0,0.0,0.0
Sara Mendez,part-time,2018-03-22,False,2024-05-19,6,0,0,0,0.0,0.0
Steven Stone,contractor,1995-01-17,False,2024-11-19,29,0,0,0,0.0,0.0
Richard Taylor,supplemental,2007-10-12,True,2024-10-25,17,0,0,0,0.0,0.0
Austin Knight,contractor,2005-07-22,False,2024-05-28,18,0,0,0,0.0,0.0
Jay Dominguez,part-time,2014-10-21,False,2024-06-26,9,0,0,0,0.0,0.0
Brittany Montgomery,regular full-time,2011-03-10,False,2024-06-04,13,8,4,4,48.0,38.0
Daniel Petersen,part-time,2014-06-05,False,2024-09-02,10,0,0,0,0.0,0.0
Ethan Fleming,supplemental,2012-08-16,True,2024-06-06,11,0,0,0,0.0,0.0
Tiffany Reed,regular full-time,2001-01-23,False,2024-07-24,23,8,4,5,48.0,43.0
Amy Sampson,regular full-time,2005-12-05,False,2024-12-06,19,8,4,4,48.0,38.0
Shannon King,contractor,2003-03-17,False,2024-08-07,21,0,0,0,0.0,0.0
Tina Lewis,part-time,2020-04-28,False,2024-01-08,3,0,0,0,0.0,0.0
John Johnson,regular full-time,1995-12-26,False,2024-09-15,28,8,4,5,48.0,43.0
Travis Kim,part-time,2021-08-12,False,2024-02-20,2,0,0,0,0.0,0.0
Henry Mills,contractor,2021-11-09,False,2024-11-12,3,0,0,0,0.0,0.0
Amanda Buchanan,contractor,2005-10-05,False,2024-12-10,19,0,0,0,0.0,0.0
Kayla Fox,regular full-time,2002-11-22,False,2023-12-27,21,8,4,5,48.0,43.0
Jennifer Brown,supplemental,2009-01-02,True,2024-01-18,15,0,0,0,0.0,0.0
Justin Martin,supplemental,2003-12-04,True,2024-10-11,20,0,0,0,0.0,0.0
Rebecca Elliott,regular full-time,2018-06-24,False,2024-10-14,6,8,4,3,48.0,33.0
Jack Brewer,contractor,2020-08-13,False,2024-04-25,3,0,0,0,0.0,0.0
Eddie Mcintosh,supplemental,1998-11-13,True,2024-06-08,25,0,0,0,0.0,0.0
Monica Wilson,contractor,2019-07-05,False,2024-06-08,4,0,0,0,0.0,0.0
Travis Thomas,contractor,2014-09-11,False,2024-09-07,9,0,0,0,0.0,0.0
Steven Rios,regular full-time,2005-04-19,False,2024-06-18,19,8,4,4,48.0,38.0
Todd Ruiz,regular full-time,2021-10-02,False,2024-09-14,2,8,4,3,48.0,33.0
Tammy Owens,supplemental,2019-04-04,True,2024-02-06,4,0,0,0,0.0,0.0
Amanda Patterson,part-time,2015-09-15,False,2024-07-17,8,0,0,0,0.0,0.0
Debbie Kelley,contractor,2004-11-26,False,2024-02-20,19,0,0,0,0.0,0.0
Amy Thompson,part-time,2008-05-16,False,2024-08-23,16,0,0,0,0.0,0.0
Christopher Schneider,supplemental,2020-02-11,True,2024-08-26,4,0,0,0,0.0,0.0
Alexandra Collins,part-time,1999-02-13,False,2024-04-11,25,0,0,0,0.0,0.0
Karina Kramer,contractor,2006-10-20,False,2024-03-13,17,0,0,0,0.0,0.0
Darrell Johnston,part-time,2005-02-22,False,2024-04-02,19,0,0,0,0.0,0.0
Taylor Patel,part-time,2006-05-21,False,2024-10-23,18,0,0,0,0.0,0.0
Alfred Douglas,regular full-time,2021-05-08,False,2024-05-18,3,8,4,3,48.0,33.0
Anthony Kerr,supplemental,2002-11-03,True,2024-02-13,21,0,0,0,0.0,0.0
Kelly Rose,contractor,1995-01-27,False,2024-01-04,28,0,0,0,0.0,0.0
Tammy Cook,supplemental,1996-01-14,True,2024-06-15,28,0,0,0,0.0,0.0
Tyler Gregory,part-time,2004-02-09,False,2024-03-21,20,0,0,0,0.0,0.0
Amanda Jackson,part-time,2000-05-20,False,2024-07-21,24,0,0,0,0.0,0.0
Alvin Erickson,part-time,2019-01-22,False,2024-02-13,5,0,0,0,0.0,0.0
Kimberly Copeland,regular full-time,2001-07-31,False,2024-07-20,22,8,4,5,48.0,43.0
Mitchell Hoffman,part-time,1996-09-24,False,2023-12-15,27,0,0,0,0.0,0.0
Jennifer Booth,contractor,2013-03-15,False,2024-05-01,11,0,0,0,0.0,0.0
Deanna Lopez,supplemental,2004-10-22,True,2024-03-30,19,0,0,0,0.0,0.0
Jeff Carter,regular full-time,2001-02-03,False,2024-08-11,23,8,4,5,48.0,43.0
Jeffrey Taylor DDS,part-time,2000-12-03,False,2024-07-05,23,0,0,0,0.0,0.0
Lisa Harris,contractor,2017-10-17,False,2024-02-07,6,0,0,0,0.0,0.0
Lawrence Collins,contractor,2022-10-29,False,2024-04-01,1,0,0,0,0.0,0.0
Tommy Griffin,supplemental,2007-07-02,True,2024-04-05,16,0,0,0,0.0,0.0
David Ross Jr.,regular full-time,2021-01-15,False,2024-08-07,3,8,4,3,48.0,33.0
Carlos Bell,contractor,2015-09-30,False,2023-12-23,8,0,0,0,0.0,0.0
Heather Johnson,contractor,2015-12-07,False,2024-08-20,8,0,0,0,0.0,0.0
Angelica Wright,part-time,2021-04-28,False,2024-01-24,2,0,0,0,0.0,0.0
Timothy Jones,part-time,2015-02-20,False,2024-10-24,9,0,0,0,0.0,0.0
Aaron Sawyer,regular full-time,2008-02-06,False,2024-12-09,16,8,4,4,48.0,38.0
Anna Johnson,regular full-time,2013-04-30,False,2024-02-26,10,8,4,4,48.0,38.0
Karen Castillo DVM,supplemental,2005-11-06,True,2024-11-17,19,0,0,0,0.0,0.0
Derek Riley,part-time,2016-06-06,False,2024-03-30,7,0,0,0,0.0,0.0
Anita Brown,part-time,2022-01-03,False,2024-09-04,2,0,0,0,0.0,0.0
Jeremy Walters,regular full-time,2006-10-12,False,2023-12-24,17,8,4,4,48.0,38.0
Karen Ward,contractor,1999-06-05,False,2024-10-30,25,0,0,0,0.0,0.0
Nathan White,supplemental,1997-12-26,True,2024-11-30,26,0,0,0,0.0,0.0
Carlos Prince,part-time,2019-06-11,False,2024-06-02,4,0,0,0,0.0,0.0
Alan Reyes,contractor,1996-06-08,False,2024-10-22,28,0,0,0,0.0,0.0
Amy Davis,regular full-time,1995-07-04,False,2024-02-29,28,8,4,5,48.0,43.0
Michael Dunn,part-time,2010-01-22,False,2024-11-28,14,0,0,0,0.0,0.0
Kylie Hartman,supplemental,2010-01-28,True,2024-08-21,14,0,0,0,0.0,0.0
Lee Gonzales,supplemental,2011-05-26,True,2024-07-05,13,0,0,0,0.0,0.0
Christine Johnson,supplemental,1997-12-27,True,2024-11-15,26,0,0,0,0.0,0.0
Paula Miller,regular full-time,2008-04-03,False,2024-06-21,16,8,4,4,48.0,38.0
Elizabeth Briggs,part-time,2015-09-08,False,2024-07-01,8,0,0,0,0.0,0.0
Phillip Arroyo,part-time,2013-05-13,False,2024-06-01,11,0,0,0,0.0,0.0
Brian Roth,supplemental,2000-07-06,True,2024-01-25,23,0,0,0,0.0,0.0
John Copeland,regular full-time,2020-03-04,False,2024-03-04,4,8,4,3,48.0,33.0
Carla Lewis,regular full-time,2004-09-21,False,2024-04-05,19,8,4,4,48.0,38.0
Jacob Carter,contractor,2000-02-26,False,2024-09-01,24,0,0,0,0.0,0.0
Heather Harmon,contractor,2019-09-28,False,2024-04-18,4,0,0,0,0.0,0.0
Elizabeth Kelley,supplemental,2022-11-07,True,2024-08-11,1,0,0,0,0.0,0.0
Leslie Dodson,supplemental,2011-12-28,True,2024-09-16,12,0,0,0,0.0,0.0
Cristian Schultz,part-time,2024-01-13,False,2024-11-05,0,0,0,0,0.0,0.0
Christopher Huerta,contractor,1996-12-26,False,2024-10-04,27,0,0,0,0.0,0.0
Tara Figueroa,supplemental,2004-11-07,True,2024-01-24,19,0,0,0,0.0,0.0
Jasmine Smith,contractor,1995-02-16,False,2024-03-18,29,0,0,0,0.0,0.0
Roy Berry,contractor,2024-03-07,False,2024-09-27,0,0,0,0,0.0,0.0
Jacob Jimenez,part-time,2001-09-22,False,2024-04-26,22,0,0,0,0.0,0.0
Jeff Dyer,regular full-time,2002-05-23,False,2024-06-30,22,8,4,5,48.0,43.0
Michael Rivera,regular full-time,2009-02-22,False,2024-04-16,15,8,4,4,48.0,38.0
Stephen Miller,part-time,2019-12-19,False,2024-04-25,4,0,0,0,0.0,0.0
Kyle Montgomery,contractor,2020-05-04,False,2024-04-01,3,0,0,0,0.0,0.0
Travis Suarez,part-time,2000-02-19,False,2023-12-18,23,0,0,0,0.0,0.0
Ryan Jimenez,contractor,1996-07-23,False,2024-03-01,27,0,0,0,0.0,0.0
Katherine Cook,regular full-time,2020-06-16,False,2024-02-03,3,8,4,3,48.0,33.0
Thomas Phelps,regular full-time,2024-01-27,False,2023-12-13,-1,8,4,3,48.0,33.0
Ronald Ramos,contractor,2015-10-16,False,2024-07-08,8,0,0,0,0.0,0.0
Steven Ross,supplemental,2008-10-05,True,2024-03-03,15,0,0,0,0.0,0.0
Sandra White,contractor,1999-08-11,False,2024-12-03,25,0,0,0,0.0,0.0
Steven Nguyen,supplemental,2008-01-07,True,2024-08-18,16,0,0,0,0.0,0.0
Christopher Hall,part-time,2005-01-12,False,2024-09-10,19,0,0,0,0.0,0.0
Amanda Dominguez,regular full-time,2021-03-15,False,2024-03-01,2,8,4,3,48.0,33.0
Michael Cook,part-time,2017-01-28,False,2024-10-08,7,0,0,0,0.0,0.0
Samuel Zamora,part-time,2005-10-24,False,2024-01-09,18,0,0,0,0.0,0.0
Brian Phillips,part-time,2010-04-10,False,2024-06-18,14,0,0,0,0.0,0.0
Willie Werner,regular full-time,2015-02-19,False,2024-04-14,9,8,4,3,48.0,33.0
Daniel Martin,contractor,1998-01-26,False,2024-05-08,26,0,0,0,0.0,0.0
Mary Ferguson,contractor,2012-10-12,False,2024-08-03,11,0,0,0,0.0,0.0
Trevor Carney,contractor,2009-05-06,False,2024-09-26,15,0,0,0,0.0,0.0
Robert Higgins,regular full-time,2013-03-25,False,2024-11-10,11,8,4,4,48.0,38.0
Jack Montes,regular full-time,2011-01-23,False,2024-11-28,13,8,4,4,48.0,38.0
Amber Phelps,part-time,2007-07-06,False,2024-12-01,17,0,0,0,0.0,0.0
Caitlin Johnson,regular full-time,2006-07-18,False,2024-04-27,17,8,4,4,48.0,38.0
Joshua Lopez,contractor,2014-03-05,False,2024-10-05,10,0,0,0,0.0,0.0
Ryan Mendoza,regular full-time,2002-08-10,False,2024-08-04,22,8,4,5,48.0,43.0
Christopher Brown,regular full-time,2000-06-06,False,2024-08-21,24,8,4,5,48.0,43.0
Crystal Richards,part-time,2006-01-27,False,2024-11-30,18,0,0,0,0.0,0.0
Gabrielle Anderson,regular full-time,2010-03-07,False,2024-05-11,14,8,4,4,48.0,38.0
Rickey Dickson MD,part-time,2001-09-27,False,2024-09-19,22,0,0,0,0.0,0.0
Thomas Martin,part-time,2019-10-11,False,2024-07-18,4,0,0,0,0.0,0.0
Laura Hawkins,part-time,2020-10-25,False,2024-02-29,3,0,0,0,0.0,0.0
Robert Le,supplemental,2006-11-30,True,2024-02-02,17,0,0,0,0.0,0.0
Kelly Patton,supplemental,2003-04-08,True,2024-08-15,21,0,0,0,0.0,0.0
Robert Salazar,supplemental,2021-09-15,True,2024-03-13,2,0,0,0,0.0,0.0
Stephanie Griffin,supplemental,2012-05-14,True,2024-02-18,11,0,0,0,0.0,0.0
Alice Wise,contractor,2022-02-02,False,2024-04-07,2,0,0,0,0.0,0.0
George Snyder,regular full-time,2003-10-27,False,2024-08-05,20,8,4,5,48.0,43.0
Mark Johnson,part-time,2002-10-04,False,2024-08-06,21,0,0,0,0.0,0.0
George Johnson,contractor,1997-07-22,False,2024-09-23,27,0,0,0,0.0,0.0
Cody Martin,part-time,2009-04-11,False,2024-05-02,15,0,0,0,0.0,0.0
William Hudson,part-time,2020-02-10,False,2024-06-22,4,0,0,0,0.0,0.0
Troy Carson,contractor,2002-05-29,False,2024-06-19,22,0,0,0,0.0,0.0
Paul Golden,regular full-time,2008-10-12,False,2024-06-17,15,8,4,4,48.0,38.0
Andrew Underwood,regular full-time,2002-09-01,False,2024-03-23,21,8,4,5,48.0,43.0
Cheryl Watson,regular full-time,2001-06-22,False,2024-02-15,22,8,4,5,48.0,43.0
Mark Wright Jr.,part-time,2001-04-27,False,2023-12-22,22,0,0,0,0.0,0.0
John Franklin,regular full-time,2017-09-07,False,2024-05-14,6,8,4,3,48.0,33.0
Christopher Wilson,part-time,2010-05-17,False,2024-09-10,14,0,0,0,0.0,0.0
Victoria Garrett,regular full-time,1995-07-16,False,2024-12-09,29,8,4,5,48.0,43.0
Ryan Roth,supplemental,2017-04-24,True,2024-07-10,7,0,0,0,0.0,0.0
Nicholas Thomas,regular full-time,1995-08-03,False,2024-04-25,28,8,4,5,48.0,43.0
Robert Wilkins,regular full-time,2011-12-31,False,2024-07-18,12,8,4,4,48.0,38.0
Tiffany Lynch,part-time,1997-05-28,False,2024-06-22,27,0,0,0,0.0,0.0
Mr. Jason Greer,supplemental,2019-10-27,True,2024-08-09,4,0,0,0,0.0,0.0
Dean Robertson,supplemental,2013-10-31,True,2024-05-20,10,0,0,0,0.0,0.0
Joshua Walker,contractor,2008-06-03,False,2024-05-23,15,0,0,0,0.0,0.0
Amanda Spence,regular full-time,2007-02-05,False,2024-07-16,17,8,4,4,48.0,38.0
Tammy Williams,supplemental,2006-07-16,True,2024-03-29,17,0,0,0,0.0,0.0
Patrick Horton,part-time,2022-10-18,False,2024-01-02,1,0,0,0,0.0,0.0
Thomas Campbell,contractor,2016-09-03,False,2024-09-30,8,0,0,0,0.0,0.0
Timothy Robinson,supplemental,2015-11-12,True,2024-10-02,8,0,0,0,0.0,0.0
Arthur Williams,regular full-time,1996-05-07,False,2024-04-09,27,8,4,5,48.0,43.0
Stacy Rodriguez,regular full-time,2007-07-24,False,2023-12-14,16,8,4,4,48.0,38.0
Jeffrey Vasquez,supplemental,2016-06-05,True,2024-02-25,7,0,0,0,0.0,0.0
Christian Bryan,regular full-time,2015-07-14,False,2024-06-06,8,8,4,3,48.0,33.0
Robert Schultz,supplemental,2005-06-20,True,2024-06-19,19,0,0,0,0.0,0.0
Denise Allen,regular full-time,2018-05-17,False,2024-06-19,6,8,4,3,48.0,33.0
Kathleen Peterson,regular full-time,2014-03-01,False,2024-10-11,10,8,4,4,48.0,38.0
Benjamin Phillips,contractor,2012-04-10,False,2024-01-06,11,0,0,0,0.0,0.0
Michael Evans,part-time,1996-08-31,False,2024-10-01,28,0,0,0,0.0,0.0
Jason Shah,contractor,2012-12-16,False,2024-08-15,11,0,0,0,0.0,0.0
Kyle Huff,contractor,2022-06-28,False,2024-02-07,1,0,0,0,0.0,0.0
Mitchell Wilson,part-time,2018-08-22,False,2024-08-17,5,0,0,0,0.0,0.0
Philip Russell,contractor,2009-10-18,False,2024-09-07,14,0,0,0,0.0,0.0
Alexandra Murray,contractor,2021-05-05,False,2024-11-15,3,0,0,0,0.0,0.0
Jacob Dixon,contractor,2023-05-05,False,2024-09-26,1,0,0,0,0.0,0.0
Michael Campbell,supplemental,2004-01-26,True,2024-11-10,20,0,0,0,0.0,0.0
Donna Flores,regular full-time,2017-10-01,False,2024-11-22,7,8,4,3,48.0,33.0
Tonya Lozano,regular full-time,2013-01-20,False,2024-03-02,11,8,4,4,48.0,38.0
Amber Larson,supplemental,2015-06-03,True,2024-03-02,8,0,0,0,0.0,0.0
Lauren Powell,supplemental,1997-12-23,True,2024-10-31,26,0,0,0,0.0,0.0
Yolanda Mann,supplemental,2021-08-03,True,2024-06-08,2,0,0,0,0.0,0.0
Thomas Zavala,regular full-time,2004-11-05,False,2024-11-15,20,8,4,4,48.0,38.0
Denise Ellis,part-time,1998-07-26,False,2024-09-16,26,0,0,0,0.0,0.0
Mark Wood,part-time,2018-01-09,False,2024-11-21,6,0,0,0,0.0,0.0
Lisa Walsh,supplemental,1996-08-08,True,2024-05-25,27,0,0,0,0.0,0.0
Ana Santiago,regular full-time,2024-08-20,False,2024-04-29,-1,8,4,3,-14.82,25.15
Holly Parker,supplemental,2015-11-19,True,2024-10-09,8,0,0,0,0.0,0.0
Amy Hill,part-time,2017-04-02,False,2024-04-05,7,0,0,0,0.0,0.0
Ronald Clayton,supplemental,2020-10-18,True,2024-11-16,4,0,0,0,0.0,0.0
Jessica Robertson,part-time,1996-03-14,False,2024-08-09,28,0,0,0,0.0,0.0
Ruth Hanna,part-time,2007-07-03,False,2024-11-24,17,0,0,0,0.0,0.0
James Curry,supplemental,2022-04-30,True,2024-08-13,2,0,0,0,0.0,0.0
James Hartman,supplemental,2024-09-29,True,2024-03-01,-1,0,0,0,0.0,0.0
Rodney Henderson,regular full-time,2011-07-05,False,2024-04-04,12,8,4,4,48.0,38.0
Christopher Lawrence,part-time,2021-01-07,False,2024-08-25,3,0,0,0,0.0,0.0
Nicole Mcfarland,regular full-time,2001-03-02,False,2023-12-18,22,8,4,5,48.0,43.0
Mary Thomas,supplemental,2018-06-30,True,2024-07-22,6,0,0,0,0.0,0.0
Amanda Moses,part-time,2000-04-28,False,2024-01-22,23,0,0,0,0.0,0.0
Shannon Barnes,part-time,2014-12-18,False,2024-03-28,9,0,0,0,0.0,0.0
Taylor White,regular full-time,2017-03-12,False,2024-02-19,6,8,4,3,48.0,33.0
Holly Grant,part-time,2019-07-29,False,2023-12-16,4,0,0,0,0.0,0.0
Linda Riddle,contractor,2016-10-20,False,2024-01-14,7,0,0,0,0.0,0.0
Tiffany Evans,part-time,2003-05-18,False,2024-01-09,20,0,0,0,0.0,0.0
Richard Smith,part-time,2019-03-03,False,2024-07-28,5,0,0,0,0.0,0.0
Cindy Snyder,part-time,2006-11-03,False,2024-08-20,17,0,0,0,0.0,0.0
Vanessa Hutchinson,supplemental,2002-08-11,True,2024-02-21,21,0,0,0,0.0,0.0
Daniel Wright,part-time,2018-06-09,False,2024-06-23,6,0,0,0,0.0,0.0
Michelle Walter,contractor,2019-07-23,False,2024-08-28,5,0,0,0,0.0,0.0
Derek Flores,regular full-time,2006-06-11,False,2024-08-30,18,8,4,4,48.0,38.0
John Gonzales,contractor,2010-02-11,False,2024-02-24,14,0,0,0,0.0,0.0
Sandra Ho,supplemental,2017-04-08,True,2024-06-21,7,0,0,0,0.0,0.0
Paul Hicks,contractor,2024-12-06,False,2024-08-05,-1,0,0,0,0.0,0.0
Darren Combs,supplemental,2021-06-13,True,2024-12-04,3,0,0,0,0.0,0.0
Tiffany Johnson,supplemental,1999-08-15,True,2024-06-02,24,0,0,0,0.0,0.0
Peter Warren,contractor,2010-09-10,False,2023-12-25,13,0,0,0,0.0,0.0
Bryan Martin,supplemental,1995-12-30,True,2024-04-03,28,0,0,0,0.0,0.0
Amanda Norton,supplemental,2015-02-27,True,2024-03-05,9,0,0,0,0.0,0.0
Tiffany Dawson,regular full-time,2011-05-18,False,2024-09-11,13,8,4,4,48.0,38.0
Sean Cox,supplemental,2023-03-17,True,2024-10-15,1,0,0,0,0.0,0.0
Kimberly Evans,contractor,2007-06-24,False,2024-05-11,16,0,0,0,0.0,0.0
Rita Moore,regular full-time,2016-09-29,False,2024-03-24,7,8,4,3,48.0,33.0
Tina Garcia,contractor,2017-05-29,False,2024-01-05,6,0,0,0,0.0,0.0
Lisa Cummings,contractor,2011-03-31,False,2024-09-25,13,0,0,0,0.0,0.0
Nicholas Curtis,regular full-time,2009-10-07,False,2024-11-30,15,8,4,4,48.0,38.0
Levi Burns,regular full-time,2001-04-29,False,2024-04-15,22,8,4,5,48.0,43.0
Donald Gay,contractor,2001-10-18,False,2024-09-18,22,0,0,0,0.0,0.0
Kevin Thompson,contractor,2014-03-26,False,2024-01-23,9,0,0,0,0.0,0.0
